districtName,year,districtCode,neighborhoodCode,neighborhoodName,sex,count
Ciutat Vella,2015,1,1,el Raval,Male,3219
Ciutat Vella,2015,1,2,el Barri Gòtic,Male,1164
Ciutat Vella,2015,1,3,la Barceloneta,Male,808
Ciutat Vella,2015,1,4,"Sant Pere, Santa Caterina i la Ribera",Male,1302
Eixample,2015,2,5,el Fort Pienc,Male,999
Eixample,2015,2,6,la Sagrada Família,Male,1544
Eixample,2015,2,7,la Dreta de l'Eixample,Male,1376
Eixample,2015,2,8,l'Antiga Esquerra de l'Eixample,Male,1443
Eixample,2015,2,9,la Nova Esquerra de l'Eixample,Male,1699
Eixample,2015,2,10,Sant Antoni,Male,1188
Sants-Montjuïc,2015,3,11,el Poble Sec,Male,1573
Sants-Montjuïc,2015,3,12,la Marina del Prat Vermell,Male,33
Sants-Montjuïc,2015,3,13,la Marina de Port,Male,691
Sants-Montjuïc,2015,3,14,la Font de la Guatlla,Male,372
Sants-Montjuïc,2015,3,15,Hostafrancs,Male,605
Sants-Montjuïc,2015,3,16,la Bordeta,Male,488
Sants-Montjuïc,2015,3,17,Sants - Badal,Male,708
Sants-Montjuïc,2015,3,18,Sants,Male,1224
Les Corts,2015,4,19,les Corts,Male,1022
Les Corts,2015,4,20,la Maternitat i Sant Ramon,Male,626
Les Corts,2015,4,21,Pedralbes,Male,392
Sarrià-Sant Gervasi,2015,5,22,"Vallvidrera, el Tibidabo i les Planes",Male,110
Sarrià-Sant Gervasi,2015,5,23,Sarrià,Male,579
Sarrià-Sant Gervasi,2015,5,24,les Tres Torres,Male,313
Sarrià-Sant Gervasi,2015,5,25,Sant Gervasi - la Bonanova,Male,575
Sarrià-Sant Gervasi,2015,5,26,Sant Gervasi - Galvany,Male,1032
Sarrià-Sant Gervasi,2015,5,27,el Putxet i el Farró,Male,679
Gràcia,2015,6,28,Vallcarca i els Penitents,Male,312
Gràcia,2015,6,29,el Coll,Male,177
Gràcia,2015,6,30,la Salut,Male,268
Gràcia,2015,6,31,la Vila de Gràcia,Male,1607
Gràcia,2015,6,32,el Camp d'en Grassot i Gràcia Nova,Male,780
Horta-Guinardó,2015,7,33,el Baix Guinardó,Male,587
Horta-Guinardó,2015,7,34,Can Baró,Male,205
Horta-Guinardó,2015,7,35,el Guinardó,Male,805
Horta-Guinardó,2015,7,36,la Font d'en Fargues,Male,125
Horta-Guinardó,2015,7,37,el Carmel,Male,564
Horta-Guinardó,2015,7,38,la Teixonera,Male,205
Horta-Guinardó,2015,7,39,Sant Genís dels Agudells,Male,135
Horta-Guinardó,2015,7,40,Montbau,Male,112
Horta-Guinardó,2015,7,41,la Vall d'Hebron,Male,99
Horta-Guinardó,2015,7,42,la Clota,Male,20
Horta-Guinardó,2015,7,43,Horta,Male,481
Nou Barris,2015,8,44,Vilapicina i la Torre Llobeta,Male,498
Nou Barris,2015,8,45,Porta,Male,510
Nou Barris,2015,8,46,el Turó de la Peira,Male,382
Nou Barris,2015,8,47,Can Peguera,Male,17
Nou Barris,2015,8,48,la Guineueta,Male,203
Nou Barris,2015,8,49,Canyelles,Male,77
Nou Barris,2015,8,50,les Roquetes,Male,409
Nou Barris,2015,8,51,Verdun,Male,278
Nou Barris,2015,8,52,la Prosperitat,Male,497
Nou Barris,2015,8,53,la Trinitat Nova,Male,189
Nou Barris,2015,8,54,Torre Baró,Male,70
Nou Barris,2015,8,55,Ciutat Meridiana,Male,303
Nou Barris,2015,8,56,Vallbona,Male,37
Sant Andreu,2015,9,57,la Trinitat Vella,Male,407
Sant Andreu,2015,9,58,Baró de Viver,Male,61
Sant Andreu,2015,9,59,el Bon Pastor,Male,310
Sant Andreu,2015,9,60,Sant Andreu,Male,898
Sant Andreu,2015,9,61,la Sagrera,Male,548
Sant Andreu,2015,9,62,el Congrés i els Indians,Male,272
Sant Andreu,2015,9,63,Navas,Male,470
Sant Martí,2015,10,64,el Camp de l'Arpa del Clot,Male,935
Sant Martí,2015,10,65,el Clot,Male,612
Sant Martí,2015,10,66,el Parc i la Llacuna del Poblenou,Male,442
Sant Martí,2015,10,67,la Vila Olímpica del Poblenou,Male,243
Sant Martí,2015,10,68,el Poblenou,Male,800
Sant Martí,2015,10,69,Diagonal Mar i el Front Marítim del Poblenou,Male,348
Sant Martí,2015,10,70,el Besòs i el Maresme,Male,921
Sant Martí,2015,10,71,Provençals del Poblenou,Male,474
Sant Martí,2015,10,72,Sant Martí de Provençals,Male,496
Sant Martí,2015,10,73,la Verneda i la Pau,Male,529
Ciutat Vella,2015,1,1,el Raval,Female,2118
Ciutat Vella,2015,1,2,el Barri Gòtic,Female,1038
Ciutat Vella,2015,1,3,la Barceloneta,Female,746
Ciutat Vella,2015,1,4,"Sant Pere, Santa Caterina i la Ribera",Female,1250
Eixample,2015,2,5,el Fort Pienc,Female,1005
Eixample,2015,2,6,la Sagrada Família,Female,1722
Eixample,2015,2,7,la Dreta de l'Eixample,Female,1597
Eixample,2015,2,8,l'Antiga Esquerra de l'Eixample,Female,1493
Eixample,2015,2,9,la Nova Esquerra de l'Eixample,Female,1844
Eixample,2015,2,10,Sant Antoni,Female,1108
Sants-Montjuïc,2015,3,11,el Poble Sec,Female,1321
Sants-Montjuïc,2015,3,12,la Marina del Prat Vermell,Female,28
Sants-Montjuïc,2015,3,13,la Marina de Port,Female,674
Sants-Montjuïc,2015,3,14,la Font de la Guatlla,Female,390
Sants-Montjuïc,2015,3,15,Hostafrancs,Female,569
Sants-Montjuïc,2015,3,16,la Bordeta,Female,451
Sants-Montjuïc,2015,3,17,Sants - Badal,Female,767
Sants-Montjuïc,2015,3,18,Sants,Female,1285
Les Corts,2015,4,19,les Corts,Female,1099
Les Corts,2015,4,20,la Maternitat i Sant Ramon,Female,714
Les Corts,2015,4,21,Pedralbes,Female,350
Sarrià-Sant Gervasi,2015,5,22,"Vallvidrera, el Tibidabo i les Planes",Female,121
Sarrià-Sant Gervasi,2015,5,23,Sarrià,Female,608
Sarrià-Sant Gervasi,2015,5,24,les Tres Torres,Female,396
Sarrià-Sant Gervasi,2015,5,25,Sant Gervasi - la Bonanova,Female,642
Sarrià-Sant Gervasi,2015,5,26,Sant Gervasi - Galvany,Female,1236
Sarrià-Sant Gervasi,2015,5,27,el Putxet i el Farró,Female,780
Gràcia,2015,6,28,Vallcarca i els Penitents,Female,351
Gràcia,2015,6,29,el Coll,Female,195
Gràcia,2015,6,30,la Salut,Female,286
Gràcia,2015,6,31,la Vila de Gràcia,Female,1895
Gràcia,2015,6,32,el Camp d'en Grassot i Gràcia Nova,Female,863
Horta-Guinardó,2015,7,33,el Baix Guinardó,Female,618
Horta-Guinardó,2015,7,34,Can Baró,Female,197
Horta-Guinardó,2015,7,35,el Guinardó,Female,858
Horta-Guinardó,2015,7,36,la Font d'en Fargues,Female,105
Horta-Guinardó,2015,7,37,el Carmel,Female,601
Horta-Guinardó,2015,7,38,la Teixonera,Female,215
Horta-Guinardó,2015,7,39,Sant Genís dels Agudells,Female,136
Horta-Guinardó,2015,7,40,Montbau,Female,110
Horta-Guinardó,2015,7,41,la Vall d'Hebron,Female,85
Horta-Guinardó,2015,7,42,la Clota,Female,8
Horta-Guinardó,2015,7,43,Horta,Female,507
Nou Barris,2015,8,44,Vilapicina i la Torre Llobeta,Female,507
Nou Barris,2015,8,45,Porta,Female,494
Nou Barris,2015,8,46,el Turó de la Peira,Female,378
Nou Barris,2015,8,47,Can Peguera,Female,24
Nou Barris,2015,8,48,la Guineueta,Female,232
Nou Barris,2015,8,49,Canyelles,Female,85
Nou Barris,2015,8,50,les Roquetes,Female,433
Nou Barris,2015,8,51,Verdun,Female,316
Nou Barris,2015,8,52,la Prosperitat,Female,564
Nou Barris,2015,8,53,la Trinitat Nova,Female,191
Nou Barris,2015,8,54,Torre Baró,Female,71
Nou Barris,2015,8,55,Ciutat Meridiana,Female,297
Nou Barris,2015,8,56,Vallbona,Female,36
Sant Andreu,2015,9,57,la Trinitat Vella,Female,287
Sant Andreu,2015,9,58,Baró de Viver,Female,49
Sant Andreu,2015,9,59,el Bon Pastor,Female,269
Sant Andreu,2015,9,60,Sant Andreu,Female,913
Sant Andreu,2015,9,61,la Sagrera,Female,628
Sant Andreu,2015,9,62,el Congrés i els Indians,Female,295
Sant Andreu,2015,9,63,Navas,Female,462
Sant Martí,2015,10,64,el Camp de l'Arpa del Clot,Female,1013
Sant Martí,2015,10,65,el Clot,Female,603
Sant Martí,2015,10,66,el Parc i la Llacuna del Poblenou,Female,449
Sant Martí,2015,10,67,la Vila Olímpica del Poblenou,Female,241
Sant Martí,2015,10,68,el Poblenou,Female,804
Sant Martí,2015,10,69,Diagonal Mar i el Front Marítim del Poblenou,Female,325
Sant Martí,2015,10,70,el Besòs i el Maresme,Female,652
Sant Martí,2015,10,71,Provençals del Poblenou,Female,467
Sant Martí,2015,10,72,Sant Martí de Provençals,Female,463
Sant Martí,2015,10,73,la Verneda i la Pau,Female,564
Ciutat Vella,2016,1,1,el Raval,Male,2819
Ciutat Vella,2016,1,2,el Barri Gòtic,Male,1135
Ciutat Vella,2016,1,3,la Barceloneta,Male,785
Ciutat Vella,2016,1,4,"Sant Pere, Santa Caterina i la Ribera",Male,1210
Eixample,2016,2,5,el Fort Pienc,Male,962
Eixample,2016,2,6,la Sagrada Família,Male,1472
Eixample,2016,2,7,la Dreta de l'Eixample,Male,1367
Eixample,2016,2,8,l'Antiga Esquerra de l'Eixample,Male,1412
Eixample,2016,2,9,la Nova Esquerra de l'Eixample,Male,1667
Eixample,2016,2,10,Sant Antoni,Male,1067
Sants-Montjuïc,2016,3,11,el Poble Sec,Male,1439
Sants-Montjuïc,2016,3,12,la Marina del Prat Vermell,Male,18
Sants-Montjuïc,2016,3,13,la Marina de Port,Male,622
Sants-Montjuïc,2016,3,14,la Font de la Guatlla,Male,302
Sants-Montjuïc,2016,3,15,Hostafrancs,Male,518
Sants-Montjuïc,2016,3,16,la Bordeta,Male,442
Sants-Montjuïc,2016,3,17,Sants - Badal,Male,642
Sants-Montjuïc,2016,3,18,Sants,Male,1121
Les Corts,2016,4,19,les Corts,Male,977
Les Corts,2016,4,20,la Maternitat i Sant Ramon,Male,588
Les Corts,2016,4,21,Pedralbes,Male,369
Sarrià-Sant Gervasi,2016,5,22,"Vallvidrera, el Tibidabo i les Planes",Male,75
Sarrià-Sant Gervasi,2016,5,23,Sarrià,Male,542
Sarrià-Sant Gervasi,2016,5,24,les Tres Torres,Male,264
Sarrià-Sant Gervasi,2016,5,25,Sant Gervasi - la Bonanova,Male,526
Sarrià-Sant Gervasi,2016,5,26,Sant Gervasi - Galvany,Male,1041
Sarrià-Sant Gervasi,2016,5,27,el Putxet i el Farró,Male,580
Gràcia,2016,6,28,Vallcarca i els Penitents,Male,325
Gràcia,2016,6,29,el Coll,Male,161
Gràcia,2016,6,30,la Salut,Male,304
Gràcia,2016,6,31,la Vila de Gràcia,Male,1405
Gràcia,2016,6,32,el Camp d'en Grassot i Gràcia Nova,Male,702
Horta-Guinardó,2016,7,33,el Baix Guinardó,Male,510
Horta-Guinardó,2016,7,34,Can Baró,Male,174
Horta-Guinardó,2016,7,35,el Guinardó,Male,774
Horta-Guinardó,2016,7,36,la Font d'en Fargues,Male,99
Horta-Guinardó,2016,7,37,el Carmel,Male,555
Horta-Guinardó,2016,7,38,la Teixonera,Male,268
Horta-Guinardó,2016,7,39,Sant Genís dels Agudells,Male,177
Horta-Guinardó,2016,7,40,Montbau,Male,97
Horta-Guinardó,2016,7,41,la Vall d'Hebron,Male,113
Horta-Guinardó,2016,7,42,la Clota,Male,8
Horta-Guinardó,2016,7,43,Horta,Male,463
Nou Barris,2016,8,44,Vilapicina i la Torre Llobeta,Male,447
Nou Barris,2016,8,45,Porta,Male,548
Nou Barris,2016,8,46,el Turó de la Peira,Male,336
Nou Barris,2016,8,47,Can Peguera,Male,31
Nou Barris,2016,8,48,la Guineueta,Male,204
Nou Barris,2016,8,49,Canyelles,Male,64
Nou Barris,2016,8,50,les Roquetes,Male,383
Nou Barris,2016,8,51,Verdun,Male,273
Nou Barris,2016,8,52,la Prosperitat,Male,475
Nou Barris,2016,8,53,la Trinitat Nova,Male,171
Nou Barris,2016,8,54,Torre Baró,Male,55
Nou Barris,2016,8,55,Ciutat Meridiana,Male,316
Nou Barris,2016,8,56,Vallbona,Male,37
Sant Andreu,2016,9,57,la Trinitat Vella,Male,300
Sant Andreu,2016,9,58,Baró de Viver,Male,40
Sant Andreu,2016,9,59,el Bon Pastor,Male,251
Sant Andreu,2016,9,60,Sant Andreu,Male,854
Sant Andreu,2016,9,61,la Sagrera,Male,533
Sant Andreu,2016,9,62,el Congrés i els Indians,Male,251
Sant Andreu,2016,9,63,Navas,Male,443
Sant Martí,2016,10,64,el Camp de l'Arpa del Clot,Male,920
Sant Martí,2016,10,65,el Clot,Male,570
Sant Martí,2016,10,66,el Parc i la Llacuna del Poblenou,Male,450
Sant Martí,2016,10,67,la Vila Olímpica del Poblenou,Male,196
Sant Martí,2016,10,68,el Poblenou,Male,807
Sant Martí,2016,10,69,Diagonal Mar i el Front Marítim del Poblenou,Male,337
Sant Martí,2016,10,70,el Besòs i el Maresme,Male,871
Sant Martí,2016,10,71,Provençals del Poblenou,Male,398
Sant Martí,2016,10,72,Sant Martí de Provençals,Male,502
Sant Martí,2016,10,73,la Verneda i la Pau,Male,506
Ciutat Vella,2016,1,1,el Raval,Female,2157
Ciutat Vella,2016,1,2,el Barri Gòtic,Female,1063
Ciutat Vella,2016,1,3,la Barceloneta,Female,763
Ciutat Vella,2016,1,4,"Sant Pere, Santa Caterina i la Ribera",Female,1167
Eixample,2016,2,5,el Fort Pienc,Female,1032
Eixample,2016,2,6,la Sagrada Família,Female,1683
Eixample,2016,2,7,la Dreta de l'Eixample,Female,1576
Eixample,2016,2,8,l'Antiga Esquerra de l'Eixample,Female,1499
Eixample,2016,2,9,la Nova Esquerra de l'Eixample,Female,1819
Eixample,2016,2,10,Sant Antoni,Female,1079
Sants-Montjuïc,2016,3,11,el Poble Sec,Female,1290
Sants-Montjuïc,2016,3,12,la Marina del Prat Vermell,Female,17
Sants-Montjuïc,2016,3,13,la Marina de Port,Female,679
Sants-Montjuïc,2016,3,14,la Font de la Guatlla,Female,298
Sants-Montjuïc,2016,3,15,Hostafrancs,Female,505
Sants-Montjuïc,2016,3,16,la Bordeta,Female,445
Sants-Montjuïc,2016,3,17,Sants - Badal,Female,724
Sants-Montjuïc,2016,3,18,Sants,Female,1201
Les Corts,2016,4,19,les Corts,Female,1070
Les Corts,2016,4,20,la Maternitat i Sant Ramon,Female,622
Les Corts,2016,4,21,Pedralbes,Female,366
Sarrià-Sant Gervasi,2016,5,22,"Vallvidrera, el Tibidabo i les Planes",Female,75
Sarrià-Sant Gervasi,2016,5,23,Sarrià,Female,589
Sarrià-Sant Gervasi,2016,5,24,les Tres Torres,Female,348
Sarrià-Sant Gervasi,2016,5,25,Sant Gervasi - la Bonanova,Female,597
Sarrià-Sant Gervasi,2016,5,26,Sant Gervasi - Galvany,Female,1228
Sarrià-Sant Gervasi,2016,5,27,el Putxet i el Farró,Female,691
Gràcia,2016,6,28,Vallcarca i els Penitents,Female,354
Gràcia,2016,6,29,el Coll,Female,171
Gràcia,2016,6,30,la Salut,Female,305
Gràcia,2016,6,31,la Vila de Gràcia,Female,1650
Gràcia,2016,6,32,el Camp d'en Grassot i Gràcia Nova,Female,803
Horta-Guinardó,2016,7,33,el Baix Guinardó,Female,550
Horta-Guinardó,2016,7,34,Can Baró,Female,200
Horta-Guinardó,2016,7,35,el Guinardó,Female,852
Horta-Guinardó,2016,7,36,la Font d'en Fargues,Female,103
Horta-Guinardó,2016,7,37,el Carmel,Female,598
Horta-Guinardó,2016,7,38,la Teixonera,Female,268
Horta-Guinardó,2016,7,39,Sant Genís dels Agudells,Female,170
Horta-Guinardó,2016,7,40,Montbau,Female,134
Horta-Guinardó,2016,7,41,la Vall d'Hebron,Female,98
Horta-Guinardó,2016,7,42,la Clota,Female,15
Horta-Guinardó,2016,7,43,Horta,Female,506
Nou Barris,2016,8,44,Vilapicina i la Torre Llobeta,Female,509
Nou Barris,2016,8,45,Porta,Female,618
Nou Barris,2016,8,46,el Turó de la Peira,Female,381
Nou Barris,2016,8,47,Can Peguera,Female,37
Nou Barris,2016,8,48,la Guineueta,Female,260
Nou Barris,2016,8,49,Canyelles,Female,65
Nou Barris,2016,8,50,les Roquetes,Female,469
Nou Barris,2016,8,51,Verdun,Female,303
Nou Barris,2016,8,52,la Prosperitat,Female,624
Nou Barris,2016,8,53,la Trinitat Nova,Female,174
Nou Barris,2016,8,54,Torre Baró,Female,70
Nou Barris,2016,8,55,Ciutat Meridiana,Female,310
Nou Barris,2016,8,56,Vallbona,Female,28
Sant Andreu,2016,9,57,la Trinitat Vella,Female,245
Sant Andreu,2016,9,58,Baró de Viver,Female,44
Sant Andreu,2016,9,59,el Bon Pastor,Female,233
Sant Andreu,2016,9,60,Sant Andreu,Female,896
Sant Andreu,2016,9,61,la Sagrera,Female,646
Sant Andreu,2016,9,62,el Congrés i els Indians,Female,299
Sant Andreu,2016,9,63,Navas,Female,470
Sant Martí,2016,10,64,el Camp de l'Arpa del Clot,Female,974
Sant Martí,2016,10,65,el Clot,Female,589
Sant Martí,2016,10,66,el Parc i la Llacuna del Poblenou,Female,406
Sant Martí,2016,10,67,la Vila Olímpica del Poblenou,Female,195
Sant Martí,2016,10,68,el Poblenou,Female,813
Sant Martí,2016,10,69,Diagonal Mar i el Front Marítim del Poblenou,Female,332
Sant Martí,2016,10,70,el Besòs i el Maresme,Female,704
Sant Martí,2016,10,71,Provençals del Poblenou,Female,407
Sant Martí,2016,10,72,Sant Martí de Provençals,Female,535
Sant Martí,2016,10,73,la Verneda i la Pau,Female,501
Ciutat Vella,2017,1,1,el Raval,Male,3063
Ciutat Vella,2017,1,2,el Barri Gòtic,Male,1499
Ciutat Vella,2017,1,3,la Barceloneta,Male,910
Ciutat Vella,2017,1,4,"Sant Pere, Santa Caterina i la Ribera",Male,1438
Eixample,2017,2,5,el Fort Pienc,Male,1082
Eixample,2017,2,6,la Sagrada Família,Male,1693
Eixample,2017,2,7,la Dreta de l'Eixample,Male,1543
Eixample,2017,2,8,l'Antiga Esquerra de l'Eixample,Male,1693
Eixample,2017,2,9,la Nova Esquerra de l'Eixample,Male,1927
Eixample,2017,2,10,Sant Antoni,Male,1253
Sants-Montjuïc,2017,3,11,el Poble Sec,Male,1595
Sants-Montjuïc,2017,3,12,la Marina del Prat Vermell,Male,17
Sants-Montjuïc,2017,3,13,la Marina de Port,Male,724
Sants-Montjuïc,2017,3,14,la Font de la Guatlla,Male,351
Sants-Montjuïc,2017,3,15,Hostafrancs,Male,584
Sants-Montjuïc,2017,3,16,la Bordeta,Male,471
Sants-Montjuïc,2017,3,17,Sants - Badal,Male,703
Sants-Montjuïc,2017,3,18,Sants,Male,1407
Les Corts,2017,4,19,les Corts,Male,1054
Les Corts,2017,4,20,la Maternitat i Sant Ramon,Male,608
Les Corts,2017,4,21,Pedralbes,Male,367
Sarrià-Sant Gervasi,2017,5,22,"Vallvidrera, el Tibidabo i les Planes",Male,89
Sarrià-Sant Gervasi,2017,5,23,Sarrià,Male,606
Sarrià-Sant Gervasi,2017,5,24,les Tres Torres,Male,337
Sarrià-Sant Gervasi,2017,5,25,Sant Gervasi - la Bonanova,Male,531
Sarrià-Sant Gervasi,2017,5,26,Sant Gervasi - Galvany,Male,1092
Sarrià-Sant Gervasi,2017,5,27,el Putxet i el Farró,Male,733
Gràcia,2017,6,28,Vallcarca i els Penitents,Male,355
Gràcia,2017,6,29,el Coll,Male,166
Gràcia,2017,6,30,la Salut,Male,382
Gràcia,2017,6,31,la Vila de Gràcia,Male,1623
Gràcia,2017,6,32,el Camp d'en Grassot i Gràcia Nova,Male,833
Horta-Guinardó,2017,7,33,el Baix Guinardó,Male,620
Horta-Guinardó,2017,7,34,Can Baró,Male,240
Horta-Guinardó,2017,7,35,el Guinardó,Male,874
Horta-Guinardó,2017,7,36,la Font d'en Fargues,Male,121
Horta-Guinardó,2017,7,37,el Carmel,Male,671
Horta-Guinardó,2017,7,38,la Teixonera,Male,246
Horta-Guinardó,2017,7,39,Sant Genís dels Agudells,Male,213
Horta-Guinardó,2017,7,40,Montbau,Male,129
Horta-Guinardó,2017,7,41,la Vall d'Hebron,Male,92
Horta-Guinardó,2017,7,42,la Clota,Male,18
Horta-Guinardó,2017,7,43,Horta,Male,521
Nou Barris,2017,8,44,Vilapicina i la Torre Llobeta,Male,509
Nou Barris,2017,8,45,Porta,Male,647
Nou Barris,2017,8,46,el Turó de la Peira,Male,409
Nou Barris,2017,8,47,Can Peguera,Male,26
Nou Barris,2017,8,48,la Guineueta,Male,218
Nou Barris,2017,8,49,Canyelles,Male,62
Nou Barris,2017,8,50,les Roquetes,Male,413
Nou Barris,2017,8,51,Verdun,Male,305
Nou Barris,2017,8,52,la Prosperitat,Male,571
Nou Barris,2017,8,53,la Trinitat Nova,Male,221
Nou Barris,2017,8,54,Torre Baró,Male,53
Nou Barris,2017,8,55,Ciutat Meridiana,Male,409
Nou Barris,2017,8,56,Vallbona,Male,31
Sant Andreu,2017,9,57,la Trinitat Vella,Male,368
Sant Andreu,2017,9,58,Baró de Viver,Male,47
Sant Andreu,2017,9,59,el Bon Pastor,Male,307
Sant Andreu,2017,9,60,Sant Andreu,Male,939
Sant Andreu,2017,9,61,la Sagrera,Male,643
Sant Andreu,2017,9,62,el Congrés i els Indians,Male,297
Sant Andreu,2017,9,63,Navas,Male,501
Sant Martí,2017,10,64,el Camp de l'Arpa del Clot,Male,1075
Sant Martí,2017,10,65,el Clot,Male,651
Sant Martí,2017,10,66,el Parc i la Llacuna del Poblenou,Male,490
Sant Martí,2017,10,67,la Vila Olímpica del Poblenou,Male,190
Sant Martí,2017,10,68,el Poblenou,Male,874
Sant Martí,2017,10,69,Diagonal Mar i el Front Marítim del Poblenou,Male,379
Sant Martí,2017,10,70,el Besòs i el Maresme,Male,1146
Sant Martí,2017,10,71,Provençals del Poblenou,Male,469
Sant Martí,2017,10,72,Sant Martí de Provençals,Male,536
Sant Martí,2017,10,73,la Verneda i la Pau,Male,602
Ciutat Vella,2017,1,1,el Raval,Female,2337
Ciutat Vella,2017,1,2,el Barri Gòtic,Female,1188
Ciutat Vella,2017,1,3,la Barceloneta,Female,849
Ciutat Vella,2017,1,4,"Sant Pere, Santa Caterina i la Ribera",Female,1327
Eixample,2017,2,5,el Fort Pienc,Female,1155
Eixample,2017,2,6,la Sagrada Família,Female,1898
Eixample,2017,2,7,la Dreta de l'Eixample,Female,1657
Eixample,2017,2,8,l'Antiga Esquerra de l'Eixample,Female,1774
Eixample,2017,2,9,la Nova Esquerra de l'Eixample,Female,2135
Eixample,2017,2,10,Sant Antoni,Female,1237
Sants-Montjuïc,2017,3,11,el Poble Sec,Female,1492
Sants-Montjuïc,2017,3,12,la Marina del Prat Vermell,Female,15
Sants-Montjuïc,2017,3,13,la Marina de Port,Female,775
Sants-Montjuïc,2017,3,14,la Font de la Guatlla,Female,295
Sants-Montjuïc,2017,3,15,Hostafrancs,Female,575
Sants-Montjuïc,2017,3,16,la Bordeta,Female,474
Sants-Montjuïc,2017,3,17,Sants - Badal,Female,773
Sants-Montjuïc,2017,3,18,Sants,Female,1432
Les Corts,2017,4,19,les Corts,Female,1222
Les Corts,2017,4,20,la Maternitat i Sant Ramon,Female,727
Les Corts,2017,4,21,Pedralbes,Female,397
Sarrià-Sant Gervasi,2017,5,22,"Vallvidrera, el Tibidabo i les Planes",Female,98
Sarrià-Sant Gervasi,2017,5,23,Sarrià,Female,602
Sarrià-Sant Gervasi,2017,5,24,les Tres Torres,Female,365
Sarrià-Sant Gervasi,2017,5,25,Sant Gervasi - la Bonanova,Female,650
Sarrià-Sant Gervasi,2017,5,26,Sant Gervasi - Galvany,Female,1342
Sarrià-Sant Gervasi,2017,5,27,el Putxet i el Farró,Female,782
Gràcia,2017,6,28,Vallcarca i els Penitents,Female,417
Gràcia,2017,6,29,el Coll,Female,206
Gràcia,2017,6,30,la Salut,Female,350
Gràcia,2017,6,31,la Vila de Gràcia,Female,1964
Gràcia,2017,6,32,el Camp d'en Grassot i Gràcia Nova,Female,958
Horta-Guinardó,2017,7,33,el Baix Guinardó,Female,665
Horta-Guinardó,2017,7,34,Can Baró,Female,233
Horta-Guinardó,2017,7,35,el Guinardó,Female,963
Horta-Guinardó,2017,7,36,la Font d'en Fargues,Female,162
Horta-Guinardó,2017,7,37,el Carmel,Female,743
Horta-Guinardó,2017,7,38,la Teixonera,Female,266
Horta-Guinardó,2017,7,39,Sant Genís dels Agudells,Female,173
Horta-Guinardó,2017,7,40,Montbau,Female,127
Horta-Guinardó,2017,7,41,la Vall d'Hebron,Female,95
Horta-Guinardó,2017,7,42,la Clota,Female,21
Horta-Guinardó,2017,7,43,Horta,Female,606
Nou Barris,2017,8,44,Vilapicina i la Torre Llobeta,Female,547
Nou Barris,2017,8,45,Porta,Female,751
Nou Barris,2017,8,46,el Turó de la Peira,Female,469
Nou Barris,2017,8,47,Can Peguera,Female,31
Nou Barris,2017,8,48,la Guineueta,Female,275
Nou Barris,2017,8,49,Canyelles,Female,78
Nou Barris,2017,8,50,les Roquetes,Female,507
Nou Barris,2017,8,51,Verdun,Female,361
Nou Barris,2017,8,52,la Prosperitat,Female,635
Nou Barris,2017,8,53,la Trinitat Nova,Female,237
Nou Barris,2017,8,54,Torre Baró,Female,42
Nou Barris,2017,8,55,Ciutat Meridiana,Female,429
Nou Barris,2017,8,56,Vallbona,Female,38
Sant Andreu,2017,9,57,la Trinitat Vella,Female,307
Sant Andreu,2017,9,58,Baró de Viver,Female,45
Sant Andreu,2017,9,59,el Bon Pastor,Female,351
Sant Andreu,2017,9,60,Sant Andreu,Female,1026
Sant Andreu,2017,9,61,la Sagrera,Female,711
Sant Andreu,2017,9,62,el Congrés i els Indians,Female,306
Sant Andreu,2017,9,63,Navas,Female,487
Sant Martí,2017,10,64,el Camp de l'Arpa del Clot,Female,1126
Sant Martí,2017,10,65,el Clot,Female,651
Sant Martí,2017,10,66,el Parc i la Llacuna del Poblenou,Female,469
Sant Martí,2017,10,67,la Vila Olímpica del Poblenou,Female,220
Sant Martí,2017,10,68,el Poblenou,Female,891
Sant Martí,2017,10,69,Diagonal Mar i el Front Marítim del Poblenou,Female,401
Sant Martí,2017,10,70,el Besòs i el Maresme,Female,870
Sant Martí,2017,10,71,Provençals del Poblenou,Female,505
Sant Martí,2017,10,72,Sant Martí de Provençals,Female,537
Sant Martí,2017,10,73,la Verneda i la Pau,Female,638
Ciutat Vella,2018,1,1,el Raval,Male,3353
Ciutat Vella,2018,1,2,el Barri Gòtic,Male,2047
Ciutat Vella,2018,1,3,la Barceloneta,Male,917
Ciutat Vella,2018,1,4,"Sant Pere, Santa Caterina i la Ribera",Male,1481
Eixample,2018,2,5,el Fort Pienc,Male,1194
Eixample,2018,2,6,la Sagrada Família,Male,1812
Eixample,2018,2,7,la Dreta de l'Eixample,Male,1596
Eixample,2018,2,8,l'Antiga Esquerra de l'Eixample,Male,1842
Eixample,2018,2,9,la Nova Esquerra de l'Eixample,Male,1860
Eixample,2018,2,10,Sant Antoni,Male,1312
Sants-Montjuïc,2018,3,11,el Poble Sec,Male,1736
Sants-Montjuïc,2018,3,12,la Marina del Prat Vermell,Male,25
Sants-Montjuïc,2018,3,13,la Marina de Port,Male,841
Sants-Montjuïc,2018,3,14,la Font de la Guatlla,Male,358
Sants-Montjuïc,2018,3,15,Hostafrancs,Male,644
Sants-Montjuïc,2018,3,16,la Bordeta,Male,604
Sants-Montjuïc,2018,3,17,Sants - Badal,Male,829
Sants-Montjuïc,2018,3,18,Sants,Male,1699
Les Corts,2018,4,19,les Corts,Male,1176
Les Corts,2018,4,20,la Maternitat i Sant Ramon,Male,680
Les Corts,2018,4,21,Pedralbes,Male,330
Sarrià-Sant Gervasi,2018,5,22,"Vallvidrera, el Tibidabo i les Planes",Male,78
Sarrià-Sant Gervasi,2018,5,23,Sarrià,Male,597
Sarrià-Sant Gervasi,2018,5,24,les Tres Torres,Male,324
Sarrià-Sant Gervasi,2018,5,25,Sant Gervasi - la Bonanova,Male,634
Sarrià-Sant Gervasi,2018,5,26,Sant Gervasi - Galvany,Male,1056
Sarrià-Sant Gervasi,2018,5,27,el Putxet i el Farró,Male,708
Gràcia,2018,6,28,Vallcarca i els Penitents,Male,332
Gràcia,2018,6,29,el Coll,Male,189
Gràcia,2018,6,30,la Salut,Male,356
Gràcia,2018,6,31,la Vila de Gràcia,Male,1609
Gràcia,2018,6,32,el Camp d'en Grassot i Gràcia Nova,Male,960
Horta-Guinardó,2018,7,33,el Baix Guinardó,Male,582
Horta-Guinardó,2018,7,34,Can Baró,Male,234
Horta-Guinardó,2018,7,35,el Guinardó,Male,881
Horta-Guinardó,2018,7,36,la Font d'en Fargues,Male,139
Horta-Guinardó,2018,7,37,el Carmel,Male,720
Horta-Guinardó,2018,7,38,la Teixonera,Male,248
Horta-Guinardó,2018,7,39,Sant Genís dels Agudells,Male,249
Horta-Guinardó,2018,7,40,Montbau,Male,124
Horta-Guinardó,2018,7,41,la Vall d'Hebron,Male,108
Horta-Guinardó,2018,7,42,la Clota,Male,22
Horta-Guinardó,2018,7,43,Horta,Male,683
Nou Barris,2018,8,44,Vilapicina i la Torre Llobeta,Male,569
Nou Barris,2018,8,45,Porta,Male,876
Nou Barris,2018,8,46,el Turó de la Peira,Male,408
Nou Barris,2018,8,47,Can Peguera,Male,31
Nou Barris,2018,8,48,la Guineueta,Male,225
Nou Barris,2018,8,49,Canyelles,Male,81
Nou Barris,2018,8,50,les Roquetes,Male,476
Nou Barris,2018,8,51,Verdun,Male,370
Nou Barris,2018,8,52,la Prosperitat,Male,590
Nou Barris,2018,8,53,la Trinitat Nova,Male,299
Nou Barris,2018,8,54,Torre Baró,Male,62
Nou Barris,2018,8,55,Ciutat Meridiana,Male,378
Nou Barris,2018,8,56,Vallbona,Male,24
Sant Andreu,2018,9,57,la Trinitat Vella,Male,383
Sant Andreu,2018,9,58,Baró de Viver,Male,59
Sant Andreu,2018,9,59,el Bon Pastor,Male,378
Sant Andreu,2018,9,60,Sant Andreu,Male,938
Sant Andreu,2018,9,61,la Sagrera,Male,667
Sant Andreu,2018,9,62,el Congrés i els Indians,Male,374
Sant Andreu,2018,9,63,Navas,Male,492
Sant Martí,2018,10,64,el Camp de l'Arpa del Clot,Male,1119
Sant Martí,2018,10,65,el Clot,Male,615
Sant Martí,2018,10,66,el Parc i la Llacuna del Poblenou,Male,475
Sant Martí,2018,10,67,la Vila Olímpica del Poblenou,Male,198
Sant Martí,2018,10,68,el Poblenou,Male,819
Sant Martí,2018,10,69,Diagonal Mar i el Front Marítim del Poblenou,Male,327
Sant Martí,2018,10,70,el Besòs i el Maresme,Male,1285
Sant Martí,2018,10,71,Provençals del Poblenou,Male,482
Sant Martí,2018,10,72,Sant Martí de Provençals,Male,533
Sant Martí,2018,10,73,la Verneda i la Pau,Male,549
Ciutat Vella,2018,1,1,el Raval,Female,2346
Ciutat Vella,2018,1,2,el Barri Gòtic,Female,1405
Ciutat Vella,2018,1,3,la Barceloneta,Female,764
Ciutat Vella,2018,1,4,"Sant Pere, Santa Caterina i la Ribera",Female,1352
Eixample,2018,2,5,el Fort Pienc,Female,1215
Eixample,2018,2,6,la Sagrada Família,Female,1999
Eixample,2018,2,7,la Dreta de l'Eixample,Female,1677
Eixample,2018,2,8,l'Antiga Esquerra de l'Eixample,Female,1787
Eixample,2018,2,9,la Nova Esquerra de l'Eixample,Female,2050
Eixample,2018,2,10,Sant Antoni,Female,1327
Sants-Montjuïc,2018,3,11,el Poble Sec,Female,1592
Sants-Montjuïc,2018,3,12,la Marina del Prat Vermell,Female,28
Sants-Montjuïc,2018,3,13,la Marina de Port,Female,859
Sants-Montjuïc,2018,3,14,la Font de la Guatlla,Female,341
Sants-Montjuïc,2018,3,15,Hostafrancs,Female,647
Sants-Montjuïc,2018,3,16,la Bordeta,Female,526
Sants-Montjuïc,2018,3,17,Sants - Badal,Female,817
Sants-Montjuïc,2018,3,18,Sants,Female,1531
Les Corts,2018,4,19,les Corts,Female,1233
Les Corts,2018,4,20,la Maternitat i Sant Ramon,Female,703
Les Corts,2018,4,21,Pedralbes,Female,321
Sarrià-Sant Gervasi,2018,5,22,"Vallvidrera, el Tibidabo i les Planes",Female,64
Sarrià-Sant Gervasi,2018,5,23,Sarrià,Female,614
Sarrià-Sant Gervasi,2018,5,24,les Tres Torres,Female,404
Sarrià-Sant Gervasi,2018,5,25,Sant Gervasi - la Bonanova,Female,689
Sarrià-Sant Gervasi,2018,5,26,Sant Gervasi - Galvany,Female,1285
Sarrià-Sant Gervasi,2018,5,27,el Putxet i el Farró,Female,771
Gràcia,2018,6,28,Vallcarca i els Penitents,Female,378
Gràcia,2018,6,29,el Coll,Female,174
Gràcia,2018,6,30,la Salut,Female,325
Gràcia,2018,6,31,la Vila de Gràcia,Female,1871
Gràcia,2018,6,32,el Camp d'en Grassot i Gràcia Nova,Female,1001
Horta-Guinardó,2018,7,33,el Baix Guinardó,Female,686
Horta-Guinardó,2018,7,34,Can Baró,Female,230
Horta-Guinardó,2018,7,35,el Guinardó,Female,922
Horta-Guinardó,2018,7,36,la Font d'en Fargues,Female,152
Horta-Guinardó,2018,7,37,el Carmel,Female,795
Horta-Guinardó,2018,7,38,la Teixonera,Female,298
Horta-Guinardó,2018,7,39,Sant Genís dels Agudells,Female,222
Horta-Guinardó,2018,7,40,Montbau,Female,178
Horta-Guinardó,2018,7,41,la Vall d'Hebron,Female,102
Horta-Guinardó,2018,7,42,la Clota,Female,12
Horta-Guinardó,2018,7,43,Horta,Female,823
Nou Barris,2018,8,44,Vilapicina i la Torre Llobeta,Female,631
Nou Barris,2018,8,45,Porta,Female,944
Nou Barris,2018,8,46,el Turó de la Peira,Female,451
Nou Barris,2018,8,47,Can Peguera,Female,24
Nou Barris,2018,8,48,la Guineueta,Female,254
Nou Barris,2018,8,49,Canyelles,Female,89
Nou Barris,2018,8,50,les Roquetes,Female,535
Nou Barris,2018,8,51,Verdun,Female,349
Nou Barris,2018,8,52,la Prosperitat,Female,679
Nou Barris,2018,8,53,la Trinitat Nova,Female,246
Nou Barris,2018,8,54,Torre Baró,Female,44
Nou Barris,2018,8,55,Ciutat Meridiana,Female,387
Nou Barris,2018,8,56,Vallbona,Female,39
Sant Andreu,2018,9,57,la Trinitat Vella,Female,343
Sant Andreu,2018,9,58,Baró de Viver,Female,54
Sant Andreu,2018,9,59,el Bon Pastor,Female,400
Sant Andreu,2018,9,60,Sant Andreu,Female,989
Sant Andreu,2018,9,61,la Sagrera,Female,698
Sant Andreu,2018,9,62,el Congrés i els Indians,Female,384
Sant Andreu,2018,9,63,Navas,Female,525
Sant Martí,2018,10,64,el Camp de l'Arpa del Clot,Female,1241
Sant Martí,2018,10,65,el Clot,Female,731
Sant Martí,2018,10,66,el Parc i la Llacuna del Poblenou,Female,493
Sant Martí,2018,10,67,la Vila Olímpica del Poblenou,Female,227
Sant Martí,2018,10,68,el Poblenou,Female,849
Sant Martí,2018,10,69,Diagonal Mar i el Front Marítim del Poblenou,Female,302
Sant Martí,2018,10,70,el Besòs i el Maresme,Female,961
Sant Martí,2018,10,71,Provençals del Poblenou,Female,527
Sant Martí,2018,10,72,Sant Martí de Provençals,Female,551
Sant Martí,2018,10,73,la Verneda i la Pau,Female,600
Ciutat Vella,2019,1,1,el Raval,Female,2428
Ciutat Vella,2019,1,2,el Barri Gòtic,Female,1599
Ciutat Vella,2019,1,3,la Barceloneta,Female,961
Ciutat Vella,2019,1,4,"Sant Pere, Santa Caterina i la Ribera",Female,1478
Eixample,2019,2,5,el Fort Pienc,Female,1557
Eixample,2019,2,6,la Sagrada Família,Female,2106
Eixample,2019,2,7,la Dreta de l'Eixample,Female,1987
Eixample,2019,2,8,l'Antiga Esquerra de l'Eixample,Female,1983
Eixample,2019,2,9,la Nova Esquerra de l'Eixample,Female,2306
Eixample,2019,2,10,Sant Antoni,Female,1492
Sants-Montjuïc,2019,3,11,el Poble Sec,Female,1709
Sants-Montjuïc,2019,3,12,la Marina del Prat Vermell,Female,28
Sants-Montjuïc,2019,3,13,la Marina de Port,Female,902
Sants-Montjuïc,2019,3,14,la Font de la Guatlla,Female,377
Sants-Montjuïc,2019,3,15,Hostafrancs,Female,704
Sants-Montjuïc,2019,3,16,la Bordeta,Female,527
Sants-Montjuïc,2019,3,17,Sants - Badal,Female,982
Sants-Montjuïc,2019,3,18,Sants,Female,1929
Les Corts,2019,4,19,les Corts,Female,1304
Les Corts,2019,4,20,la Maternitat i Sant Ramon,Female,781
Les Corts,2019,4,21,Pedralbes,Female,364
Sarrià-Sant Gervasi,2019,5,22,"Vallvidrera, el Tibidabo i les Planes",Female,93
Sarrià-Sant Gervasi,2019,5,23,Sarrià,Female,647
Sarrià-Sant Gervasi,2019,5,24,les Tres Torres,Female,363
Sarrià-Sant Gervasi,2019,5,25,Sant Gervasi - la Bonanova,Female,747
Sarrià-Sant Gervasi,2019,5,26,Sant Gervasi - Galvany,Female,1281
Sarrià-Sant Gervasi,2019,5,27,el Putxet i el Farró,Female,913
Gràcia,2019,6,28,Vallcarca i els Penitents,Female,452
Gràcia,2019,6,29,el Coll,Female,237
Gràcia,2019,6,30,la Salut,Female,334
Gràcia,2019,6,31,la Vila de Gràcia,Female,2115
Gràcia,2019,6,32,el Camp d'en Grassot i Gràcia Nova,Female,1131
Horta-Guinardó,2019,7,33,el Baix Guinardó,Female,727
Horta-Guinardó,2019,7,34,Can Baró,Female,256
Horta-Guinardó,2019,7,35,el Guinardó,Female,1045
Horta-Guinardó,2019,7,36,la Font d'en Fargues,Female,172
Horta-Guinardó,2019,7,37,el Carmel,Female,871
Horta-Guinardó,2019,7,38,la Teixonera,Female,365
Horta-Guinardó,2019,7,39,Sant Genís dels Agudells,Female,196
Horta-Guinardó,2019,7,40,Montbau,Female,176
Horta-Guinardó,2019,7,41,la Vall d'Hebron,Female,129
Horta-Guinardó,2019,7,42,la Clota,Female,13
Horta-Guinardó,2019,7,43,Horta,Female,936
Nou Barris,2019,8,44,Vilapicina i la Torre Llobeta,Female,682
Nou Barris,2019,8,45,Porta,Female,1156
Nou Barris,2019,8,46,el Turó de la Peira,Female,576
Nou Barris,2019,8,47,Can Peguera,Female,28
Nou Barris,2019,8,48,la Guineueta,Female,287
Nou Barris,2019,8,49,Canyelles,Female,82
Nou Barris,2019,8,50,les Roquetes,Female,514
Nou Barris,2019,8,51,Verdun,Female,405
Nou Barris,2019,8,52,la Prosperitat,Female,754
Nou Barris,2019,8,53,la Trinitat Nova,Female,251
Nou Barris,2019,8,54,Torre Baró,Female,79
Nou Barris,2019,8,55,Ciutat Meridiana,Female,374
Nou Barris,2019,8,56,Vallbona,Female,48
Sant Andreu,2019,9,57,la Trinitat Vella,Female,304
Sant Andreu,2019,9,58,Baró de Viver,Female,69
Sant Andreu,2019,9,59,el Bon Pastor,Female,441
Sant Andreu,2019,9,60,Sant Andreu,Female,1123
Sant Andreu,2019,9,61,la Sagrera,Female,776
Sant Andreu,2019,9,62,el Congrés i els Indians,Female,377
Sant Andreu,2019,9,63,Navas,Female,596
Sant Martí,2019,10,64,el Camp de l'Arpa del Clot,Female,1324
Sant Martí,2019,10,65,el Clot,Female,761
Sant Martí,2019,10,66,el Parc i la Llacuna del Poblenou,Female,490
Sant Martí,2019,10,67,la Vila Olímpica del Poblenou,Female,222
Sant Martí,2019,10,68,el Poblenou,Female,982
Sant Martí,2019,10,69,Diagonal Mar i el Front Marítim del Poblenou,Female,363
Sant Martí,2019,10,70,el Besòs i el Maresme,Female,1087
Sant Martí,2019,10,71,Provençals del Poblenou,Female,507
Sant Martí,2019,10,72,Sant Martí de Provençals,Female,637
Sant Martí,2019,10,73,la Verneda i la Pau,Female,646
Ciutat Vella,2019,1,1,el Raval,Male,3536
Ciutat Vella,2019,1,2,el Barri Gòtic,Male,3126
Ciutat Vella,2019,1,3,la Barceloneta,Male,976
Ciutat Vella,2019,1,4,"Sant Pere, Santa Caterina i la Ribera",Male,1522
Eixample,2019,2,5,el Fort Pienc,Male,1518
Eixample,2019,2,6,la Sagrada Família,Male,1992
Eixample,2019,2,7,la Dreta de l'Eixample,Male,1781
Eixample,2019,2,8,l'Antiga Esquerra de l'Eixample,Male,2016
Eixample,2019,2,9,la Nova Esquerra de l'Eixample,Male,2041
Eixample,2019,2,10,Sant Antoni,Male,1477
Sants-Montjuïc,2019,3,11,el Poble Sec,Male,1837
Sants-Montjuïc,2019,3,12,la Marina del Prat Vermell,Male,31
Sants-Montjuïc,2019,3,13,la Marina de Port,Male,859
Sants-Montjuïc,2019,3,14,la Font de la Guatlla,Male,402
Sants-Montjuïc,2019,3,15,Hostafrancs,Male,652
Sants-Montjuïc,2019,3,16,la Bordeta,Male,553
Sants-Montjuïc,2019,3,17,Sants - Badal,Male,1027
Sants-Montjuïc,2019,3,18,Sants,Male,2320
Les Corts,2019,4,19,les Corts,Male,1293
Les Corts,2019,4,20,la Maternitat i Sant Ramon,Male,805
Les Corts,2019,4,21,Pedralbes,Male,361
Sarrià-Sant Gervasi,2019,5,22,"Vallvidrera, el Tibidabo i les Planes",Male,80
Sarrià-Sant Gervasi,2019,5,23,Sarrià,Male,616
Sarrià-Sant Gervasi,2019,5,24,les Tres Torres,Male,324
Sarrià-Sant Gervasi,2019,5,25,Sant Gervasi - la Bonanova,Male,757
Sarrià-Sant Gervasi,2019,5,26,Sant Gervasi - Galvany,Male,1052
Sarrià-Sant Gervasi,2019,5,27,el Putxet i el Farró,Male,827
Gràcia,2019,6,28,Vallcarca i els Penitents,Male,403
Gràcia,2019,6,29,el Coll,Male,220
Gràcia,2019,6,30,la Salut,Male,341
Gràcia,2019,6,31,la Vila de Gràcia,Male,1819
Gràcia,2019,6,32,el Camp d'en Grassot i Gràcia Nova,Male,1072
Horta-Guinardó,2019,7,33,el Baix Guinardó,Male,680
Horta-Guinardó,2019,7,34,Can Baró,Male,258
Horta-Guinardó,2019,7,35,el Guinardó,Male,976
Horta-Guinardó,2019,7,36,la Font d'en Fargues,Male,146
Horta-Guinardó,2019,7,37,el Carmel,Male,907
Horta-Guinardó,2019,7,38,la Teixonera,Male,343
Horta-Guinardó,2019,7,39,Sant Genís dels Agudells,Male,253
Horta-Guinardó,2019,7,40,Montbau,Male,159
Horta-Guinardó,2019,7,41,la Vall d'Hebron,Male,100
Horta-Guinardó,2019,7,42,la Clota,Male,21
Horta-Guinardó,2019,7,43,Horta,Male,902
Nou Barris,2019,8,44,Vilapicina i la Torre Llobeta,Male,679
Nou Barris,2019,8,45,Porta,Male,1166
Nou Barris,2019,8,46,el Turó de la Peira,Male,529
Nou Barris,2019,8,47,Can Peguera,Male,24
Nou Barris,2019,8,48,la Guineueta,Male,252
Nou Barris,2019,8,49,Canyelles,Male,94
Nou Barris,2019,8,50,les Roquetes,Male,550
Nou Barris,2019,8,51,Verdun,Male,369
Nou Barris,2019,8,52,la Prosperitat,Male,628
Nou Barris,2019,8,53,la Trinitat Nova,Male,245
Nou Barris,2019,8,54,Torre Baró,Male,76
Nou Barris,2019,8,55,Ciutat Meridiana,Male,400
Nou Barris,2019,8,56,Vallbona,Male,34
Sant Andreu,2019,9,57,la Trinitat Vella,Male,414
Sant Andreu,2019,9,58,Baró de Viver,Male,79
Sant Andreu,2019,9,59,el Bon Pastor,Male,578
Sant Andreu,2019,9,60,Sant Andreu,Male,1117
Sant Andreu,2019,9,61,la Sagrera,Male,699
Sant Andreu,2019,9,62,el Congrés i els Indians,Male,387
Sant Andreu,2019,9,63,Navas,Male,553
Sant Martí,2019,10,64,el Camp de l'Arpa del Clot,Male,1255
Sant Martí,2019,10,65,el Clot,Male,690
Sant Martí,2019,10,66,el Parc i la Llacuna del Poblenou,Male,546
Sant Martí,2019,10,67,la Vila Olímpica del Poblenou,Male,218
Sant Martí,2019,10,68,el Poblenou,Male,972
Sant Martí,2019,10,69,Diagonal Mar i el Front Marítim del Poblenou,Male,351
Sant Martí,2019,10,70,el Besòs i el Maresme,Male,1640
Sant Martí,2019,10,71,Provençals del Poblenou,Male,583
Sant Martí,2019,10,72,Sant Martí de Provençals,Male,555
Sant Martí,2019,10,73,la Verneda i la Pau,Male,600
Ciutat Vella,2020,1,1,el Raval,Female,1681
Ciutat Vella,2020,1,2,el Barri Gòtic,Female,1033
Ciutat Vella,2020,1,3,la Barceloneta,Female,654
Ciutat Vella,2020,1,4,"Sant Pere, Santa Caterina i la Ribera",Female,991
Eixample,2020,2,5,el Fort Pienc,Female,917
Eixample,2020,2,6,la Sagrada Família,Female,1446
Eixample,2020,2,7,la Dreta de l'Eixample,Female,1444
Eixample,2020,2,8,l'Antiga Esquerra de l'Eixample,Female,1240
Eixample,2020,2,9,la Nova Esquerra de l'Eixample,Female,1405
Eixample,2020,2,10,Sant Antoni,Female,885
Sants-Montjuïc,2020,3,11,el Poble Sec,Female,1083
Sants-Montjuïc,2020,3,12,la Marina del Prat Vermell,Female,17
Sants-Montjuïc,2020,3,13,la Marina de Port,Female,507
Sants-Montjuïc,2020,3,14,la Font de la Guatlla,Female,232
Sants-Montjuïc,2020,3,15,Hostafrancs,Female,426
Sants-Montjuïc,2020,3,16,la Bordeta,Female,352
Sants-Montjuïc,2020,3,17,Sants - Badal,Female,614
Sants-Montjuïc,2020,3,18,Sants,Female,1186
Les Corts,2020,4,19,les Corts,Female,815
Les Corts,2020,4,20,la Maternitat i Sant Ramon,Female,512
Les Corts,2020,4,21,Pedralbes,Female,251
Sarrià-Sant Gervasi,2020,5,22,"Vallvidrera, el Tibidabo i les Planes",Female,64
Sarrià-Sant Gervasi,2020,5,23,Sarrià,Female,443
Sarrià-Sant Gervasi,2020,5,24,les Tres Torres,Female,260
Sarrià-Sant Gervasi,2020,5,25,Sant Gervasi - la Bonanova,Female,480
Sarrià-Sant Gervasi,2020,5,26,Sant Gervasi - Galvany,Female,899
Sarrià-Sant Gervasi,2020,5,27,el Putxet i el Farró,Female,555
Gràcia,2020,6,28,Vallcarca i els Penitents,Female,326
Gràcia,2020,6,29,el Coll,Female,163
Gràcia,2020,6,30,la Salut,Female,258
Gràcia,2020,6,31,la Vila de Gràcia,Female,1349
Gràcia,2020,6,32,el Camp d'en Grassot i Gràcia Nova,Female,717
Horta-Guinardó,2020,7,33,el Baix Guinardó,Female,493
Horta-Guinardó,2020,7,34,Can Baró,Female,158
Horta-Guinardó,2020,7,35,el Guinardó,Female,673
Horta-Guinardó,2020,7,36,la Font d'en Fargues,Female,87
Horta-Guinardó,2020,7,37,el Carmel,Female,613
Horta-Guinardó,2020,7,38,la Teixonera,Female,238
Horta-Guinardó,2020,7,39,Sant Genís dels Agudells,Female,121
Horta-Guinardó,2020,7,40,Montbau,Female,114
Horta-Guinardó,2020,7,41,la Vall d'Hebron,Female,83
Horta-Guinardó,2020,7,42,la Clota,Female,11
Horta-Guinardó,2020,7,43,Horta,Female,582
Nou Barris,2020,8,44,Vilapicina i la Torre Llobeta,Female,413
Nou Barris,2020,8,45,Porta,Female,652
Nou Barris,2020,8,46,el Turó de la Peira,Female,311
Nou Barris,2020,8,47,Can Peguera,Female,11
Nou Barris,2020,8,48,la Guineueta,Female,177
Nou Barris,2020,8,49,Canyelles,Female,50
Nou Barris,2020,8,50,les Roquetes,Female,317
Nou Barris,2020,8,51,Verdun,Female,264
Nou Barris,2020,8,52,la Prosperitat,Female,440
Nou Barris,2020,8,53,la Trinitat Nova,Female,145
Nou Barris,2020,8,54,Torre Baró,Female,54
Nou Barris,2020,8,55,Ciutat Meridiana,Female,254
Nou Barris,2020,8,56,Vallbona,Female,18
Sant Andreu,2020,9,57,la Trinitat Vella,Female,213
Sant Andreu,2020,9,58,Baró de Viver,Female,34
Sant Andreu,2020,9,59,el Bon Pastor,Female,363
Sant Andreu,2020,9,60,Sant Andreu,Female,715
Sant Andreu,2020,9,61,la Sagrera,Female,531
Sant Andreu,2020,9,62,el Congrés i els Indians,Female,245
Sant Andreu,2020,9,63,Navas,Female,377
Sant Martí,2020,10,64,el Camp de l'Arpa del Clot,Female,871
Sant Martí,2020,10,65,el Clot,Female,505
Sant Martí,2020,10,66,el Parc i la Llacuna del Poblenou,Female,350
Sant Martí,2020,10,67,la Vila Olímpica del Poblenou,Female,158
Sant Martí,2020,10,68,el Poblenou,Female,686
Sant Martí,2020,10,69,Diagonal Mar i el Front Marítim del Poblenou,Female,253
Sant Martí,2020,10,70,el Besòs i el Maresme,Female,716
Sant Martí,2020,10,71,Provençals del Poblenou,Female,337
Sant Martí,2020,10,72,Sant Martí de Provençals,Female,429
Sant Martí,2020,10,73,la Verneda i la Pau,Female,443
Ciutat Vella,2020,1,1,el Raval,Male,2314
Ciutat Vella,2020,1,2,el Barri Gòtic,Male,1739
Ciutat Vella,2020,1,3,la Barceloneta,Male,659
Ciutat Vella,2020,1,4,"Sant Pere, Santa Caterina i la Ribera",Male,1072
Eixample,2020,2,5,el Fort Pienc,Male,959
Eixample,2020,2,6,la Sagrada Família,Male,1360
Eixample,2020,2,7,la Dreta de l'Eixample,Male,1434
Eixample,2020,2,8,l'Antiga Esquerra de l'Eixample,Male,1362
Eixample,2020,2,9,la Nova Esquerra de l'Eixample,Male,1473
Eixample,2020,2,10,Sant Antoni,Male,1004
Sants-Montjuïc,2020,3,11,el Poble Sec,Male,1217
Sants-Montjuïc,2020,3,12,la Marina del Prat Vermell,Male,15
Sants-Montjuïc,2020,3,13,la Marina de Port,Male,533
Sants-Montjuïc,2020,3,14,la Font de la Guatlla,Male,244
Sants-Montjuïc,2020,3,15,Hostafrancs,Male,474
Sants-Montjuïc,2020,3,16,la Bordeta,Male,410
Sants-Montjuïc,2020,3,17,Sants - Badal,Male,642
Sants-Montjuïc,2020,3,18,Sants,Male,1316
Les Corts,2020,4,19,les Corts,Male,776
Les Corts,2020,4,20,la Maternitat i Sant Ramon,Male,524
Les Corts,2020,4,21,Pedralbes,Male,259
Sarrià-Sant Gervasi,2020,5,22,"Vallvidrera, el Tibidabo i les Planes",Male,70
Sarrià-Sant Gervasi,2020,5,23,Sarrià,Male,386
Sarrià-Sant Gervasi,2020,5,24,les Tres Torres,Male,235
Sarrià-Sant Gervasi,2020,5,25,Sant Gervasi - la Bonanova,Male,410
Sarrià-Sant Gervasi,2020,5,26,Sant Gervasi - Galvany,Male,780
Sarrià-Sant Gervasi,2020,5,27,el Putxet i el Farró,Male,512
Gràcia,2020,6,28,Vallcarca i els Penitents,Male,288
Gràcia,2020,6,29,el Coll,Male,168
Gràcia,2020,6,30,la Salut,Male,262
Gràcia,2020,6,31,la Vila de Gràcia,Male,1236
Gràcia,2020,6,32,el Camp d'en Grassot i Gràcia Nova,Male,697
Horta-Guinardó,2020,7,33,el Baix Guinardó,Male,456
Horta-Guinardó,2020,7,34,Can Baró,Male,155
Horta-Guinardó,2020,7,35,el Guinardó,Male,584
Horta-Guinardó,2020,7,36,la Font d'en Fargues,Male,97
Horta-Guinardó,2020,7,37,el Carmel,Male,617
Horta-Guinardó,2020,7,38,la Teixonera,Male,246
Horta-Guinardó,2020,7,39,Sant Genís dels Agudells,Male,154
Horta-Guinardó,2020,7,40,Montbau,Male,97
Horta-Guinardó,2020,7,41,la Vall d'Hebron,Male,86
Horta-Guinardó,2020,7,42,la Clota,Male,11
Horta-Guinardó,2020,7,43,Horta,Male,541
Nou Barris,2020,8,44,Vilapicina i la Torre Llobeta,Male,416
Nou Barris,2020,8,45,Porta,Male,679
Nou Barris,2020,8,46,el Turó de la Peira,Male,316
Nou Barris,2020,8,47,Can Peguera,Male,13
Nou Barris,2020,8,48,la Guineueta,Male,157
Nou Barris,2020,8,49,Canyelles,Male,54
Nou Barris,2020,8,50,les Roquetes,Male,348
Nou Barris,2020,8,51,Verdun,Male,271
Nou Barris,2020,8,52,la Prosperitat,Male,425
Nou Barris,2020,8,53,la Trinitat Nova,Male,181
Nou Barris,2020,8,54,Torre Baró,Male,54
Nou Barris,2020,8,55,Ciutat Meridiana,Male,272
Nou Barris,2020,8,56,Vallbona,Male,30
Sant Andreu,2020,9,57,la Trinitat Vella,Male,267
Sant Andreu,2020,9,58,Baró de Viver,Male,32
Sant Andreu,2020,9,59,el Bon Pastor,Male,369
Sant Andreu,2020,9,60,Sant Andreu,Male,706
Sant Andreu,2020,9,61,la Sagrera,Male,510
Sant Andreu,2020,9,62,el Congrés i els Indians,Male,214
Sant Andreu,2020,9,63,Navas,Male,357
Sant Martí,2020,10,64,el Camp de l'Arpa del Clot,Male,875
Sant Martí,2020,10,65,el Clot,Male,532
Sant Martí,2020,10,66,el Parc i la Llacuna del Poblenou,Male,347
Sant Martí,2020,10,67,la Vila Olímpica del Poblenou,Male,177
Sant Martí,2020,10,68,el Poblenou,Male,687
Sant Martí,2020,10,69,Diagonal Mar i el Front Marítim del Poblenou,Male,275
Sant Martí,2020,10,70,el Besòs i el Maresme,Male,1045
Sant Martí,2020,10,71,Provençals del Poblenou,Male,396
Sant Martí,2020,10,72,Sant Martí de Provençals,Male,421
Sant Martí,2020,10,73,la Verneda i la Pau,Male,398
