,year,districtCode,districtName,neighborhoodCode,neighborhoodName,population,areaHA,residetialAreaHA,density,residentialDencity
0,2020,1,Ciutat Vella,1,el Raval,48038,110.0,49.6,437,969
1,2020,1,Ciutat Vella,2,el Barri Gòtic,21601,81.6,34.1,265,633
2,2020,1,Ciutat Vella,3,la Barceloneta,15059,117.9,13.5,128,1112
3,2020,1,Ciutat Vella,4,"Sant Pere, Santa Caterina i la Ribera",23160,111.0,32.4,209,715
4,2020,2,Eixample,5,el Fort Pienc,33416,92.9,33.6,360,994
5,2020,2,Eixample,6,la Sagrada Família,52187,104.2,51.0,501,1024
6,2020,2,Eixample,7,la Dreta de l'Eixample,44200,212.0,113.9,209,388
7,2020,2,Eixample,8,l'Antiga Esquerra de l'Eixample,43049,122.8,66.9,350,643
8,2020,2,Eixample,9,la Nova Esquerra de l'Eixample,58579,134.1,65.2,437,899
9,2020,2,Eixample,10,Sant Antoni,38900,80.4,41.3,484,941
10,2020,3,Sants-Montjuïc,11,el Poble Sec,40139,458.5,38.0,88,1058
11,2020,3,Sants-Montjuïc,12,la Marina del Prat Vermell,1226,1423.7,35.9,1,34
12,2020,3,Sants-Montjuïc,13,la Marina de Port,31326,126.9,38.9,247,804
13,2020,3,Sants-Montjuïc,14,la Font de la Guatlla,10354,29.7,11.5,349,897
14,2020,3,Sants-Montjuïc,15,Hostafrancs,16188,41.0,22.1,395,733
15,2020,3,Sants-Montjuïc,16,la Bordeta,19553,57.2,20.7,342,943
16,2020,3,Sants-Montjuïc,17,Sants - Badal,24919,41.5,25.1,601,993
17,2020,3,Sants-Montjuïc,18,Sants,43720,109.5,59.4,399,736
18,2020,4,Les Corts,19,les Corts,46687,141.0,64.7,331,721
19,2020,4,Les Corts,20,la Maternitat i Sant Ramon,23940,191.5,31.5,125,760
20,2020,4,Les Corts,21,Pedralbes,11905,268.5,81.7,44,146
21,2020,5,Sarrià-Sant Gervasi,22,"Vallvidrera, el Tibidabo i les Planes",4699,1132.9,242.0,4,19
22,2020,5,Sarrià-Sant Gervasi,23,Sarrià,25171,304.7,95.4,83,264
23,2020,5,Sarrià-Sant Gervasi,24,les Tres Torres,16622,78.8,42.5,211,391
24,2020,5,Sarrià-Sant Gervasi,25,Sant Gervasi - la Bonanova,26193,223.4,82.1,117,319
25,2020,5,Sarrià-Sant Gervasi,26,Sant Gervasi - Galvany,47909,166.9,95.4,287,502
26,2020,5,Sarrià-Sant Gervasi,27,el Putxet i el Farró,30294,84.8,53.1,357,570
27,2020,6,Gràcia,28,Vallcarca i els Penitents,16323,125.1,48.2,130,339
28,2020,6,Gràcia,29,el Coll,7606,35.3,12.4,215,612
29,2020,6,Gràcia,30,la Salut,13461,64.8,19.5,208,689
30,2020,6,Gràcia,31,la Vila de Gràcia,50802,132.1,83.8,385,606
31,2020,6,Gràcia,32,el Camp d'en Grassot i Gràcia Nova,35422,65.1,38.5,545,919
32,2020,7,Horta-Guinardó,33,el Baix Guinardó,26154,56.2,23.7,465,1103
33,2020,7,Horta-Guinardó,34,Can Baró,9330,38.4,14.3,243,652
34,2020,7,Horta-Guinardó,35,el Guinardó,37562,130.9,52.0,287,722
35,2020,7,Horta-Guinardó,36,la Font d'en Fargues,9547,65.7,38.8,145,246
36,2020,7,Horta-Guinardó,37,el Carmel,32489,94.0,39.5,346,823
37,2020,7,Horta-Guinardó,38,la Teixonera,11914,33.8,16.9,353,706
38,2020,7,Horta-Guinardó,39,Sant Genís dels Agudells,7377,168.1,16.9,44,437
39,2020,7,Horta-Guinardó,40,Montbau,5163,205.5,11.4,25,455
40,2020,7,Horta-Guinardó,41,la Vall d'Hebron,5883,74.5,7.2,79,813
41,2020,7,Horta-Guinardó,42,la Clota,706,17.8,6.1,40,116
42,2020,7,Horta-Guinardó,43,Horta,28322,307.0,63.2,92,448
43,2020,8,Nou Barris,44,Vilapicina i la Torre Llobeta,26069,56.4,29.3,462,889
44,2020,8,Nou Barris,45,Porta,27782,83.7,35.7,332,778
45,2020,8,Nou Barris,46,el Turó de la Peira,16212,35.4,13.3,458,1218
46,2020,8,Nou Barris,47,Can Peguera,2273,11.9,6.1,192,370
47,2020,8,Nou Barris,48,la Guineueta,15416,61.2,22.0,252,699
48,2020,8,Nou Barris,49,Canyelles,6865,79.0,11.0,87,626
49,2020,8,Nou Barris,50,les Roquetes,16369,64.3,18.3,255,897
50,2020,8,Nou Barris,51,Verdun,12786,23.7,14.2,539,898
51,2020,8,Nou Barris,52,la Prosperitat,27001,59.1,27.1,457,997
52,2020,8,Nou Barris,53,la Trinitat Nova,7666,57.7,12.6,133,610
53,2020,8,Nou Barris,54,Torre Baró,2921,174.2,21.2,17,138
54,2020,8,Nou Barris,55,Ciutat Meridiana,11083,37.7,15.1,294,733
55,2020,8,Nou Barris,56,Vallbona,1421,61.4,6.8,23,209
56,2020,9,Sant Andreu,57,la Trinitat Vella,10479,80.8,12.7,130,826
57,2020,9,Sant Andreu,58,Baró de Viver,2622,23.0,3.9,114,667
58,2020,9,Sant Andreu,59,el Bon Pastor,13640,186.8,17.8,73,766
59,2020,9,Sant Andreu,60,Sant Andreu,58484,186.7,76.5,313,765
60,2020,9,Sant Andreu,61,la Sagrera,29593,98.6,38.1,300,777
61,2020,9,Sant Andreu,62,el Congrés i els Indians,14714,40.9,19.1,360,769
62,2020,9,Sant Andreu,63,Navas,22428,42.4,22.4,529,999
63,2020,10,Sant Martí,64,el Camp de l'Arpa del Clot,39096,74.1,42.9,528,911
64,2020,10,Sant Martí,65,el Clot,27058,69.7,23.4,388,1154
65,2020,10,Sant Martí,66,el Parc i la Llacuna del Poblenou,15896,112.2,22.3,142,712
66,2020,10,Sant Martí,67,la Vila Olímpica del Poblenou,9360,92.5,24.3,101,385
67,2020,10,Sant Martí,68,el Poblenou,34373,156.7,45.0,219,764
68,2020,10,Sant Martí,69,Diagonal Mar i el Front Marítim del Poblenou,13510,122.7,24.0,110,564
69,2020,10,Sant Martí,70,el Besòs i el Maresme,25654,120.9,28.1,212,913
70,2020,10,Sant Martí,71,Provençals del Poblenou,21303,108.6,15.3,196,1391
71,2020,10,Sant Martí,72,Sant Martí de Provençals,26150,73.4,23.4,356,1116
72,2020,10,Sant Martí,73,la Verneda i la Pau,28863,113.0,40.0,255,721
73,2019,1,Ciutat Vella,1,el Raval,47353,110.0,49.6,430,955
74,2019,1,Ciutat Vella,2,el Barri Gòtic,18629,81.6,34.1,228,546
75,2019,1,Ciutat Vella,3,la Barceloneta,14857,109.5,13.5,136,1097
76,2019,1,Ciutat Vella,4,"Sant Pere, Santa Caterina i la Ribera",22590,111.0,32.4,204,697
77,2019,2,Eixample,5,el Fort Pienc,32349,92.9,33.6,348,962
78,2019,2,Eixample,6,la Sagrada Família,51385,104.2,51.2,493,1003
79,2019,2,Eixample,7,la Dreta de l'Eixample,43515,212.0,113.9,205,382
80,2019,2,Eixample,8,l'Antiga Esquerra de l'Eixample,42393,122.8,66.9,345,633
81,2019,2,Eixample,9,la Nova Esquerra de l'Eixample,58032,134.1,65.2,433,891
82,2019,2,Eixample,10,Sant Antoni,38236,80.4,41.3,476,925
83,2019,3,Sants-Montjuïc,11,el Poble Sec,39995,458.5,38.0,87,1054
84,2019,3,Sants-Montjuïc,12,la Marina del Prat Vermell,1196,1403.4,35.9,1,33
85,2019,3,Sants-Montjuïc,13,la Marina de Port,30958,126.9,38.9,244,795
86,2019,3,Sants-Montjuïc,14,la Font de la Guatlla,10265,29.7,11.4,346,900
87,2019,3,Sants-Montjuïc,15,Hostafrancs,16014,41.0,22.1,391,724
88,2019,3,Sants-Montjuïc,16,la Bordeta,19346,57.2,20.7,338,933
89,2019,3,Sants-Montjuïc,17,Sants - Badal,24312,41.5,25.1,586,969
90,2019,3,Sants-Montjuïc,18,Sants,42005,109.5,59.4,384,708
91,2019,4,Les Corts,19,les Corts,46274,141.0,64.7,328,715
92,2019,4,Les Corts,20,la Maternitat i Sant Ramon,23836,191.5,31.5,124,757
93,2019,4,Les Corts,21,Pedralbes,11864,268.5,81.7,44,145
94,2019,5,Sarrià-Sant Gervasi,22,"Vallvidrera, el Tibidabo i les Planes",4698,1132.9,242.4,4,19
95,2019,5,Sarrià-Sant Gervasi,23,Sarrià,24901,304.7,95.4,82,261
96,2019,5,Sarrià-Sant Gervasi,24,les Tres Torres,16591,78.8,42.5,211,391
97,2019,5,Sarrià-Sant Gervasi,25,Sant Gervasi - la Bonanova,25919,223.4,82.1,116,316
98,2019,5,Sarrià-Sant Gervasi,26,Sant Gervasi - Galvany,47588,166.9,95.4,285,499
99,2019,5,Sarrià-Sant Gervasi,27,el Putxet i el Farró,29563,84.8,53.1,349,557
100,2019,6,Gràcia,28,Vallcarca i els Penitents,15979,125.1,48.2,128,331
101,2019,6,Gràcia,29,el Coll,7459,35.3,12.4,211,600
102,2019,6,Gràcia,30,la Salut,13347,64.8,19.5,206,683
103,2019,6,Gràcia,31,la Vila de Gràcia,50102,132.1,83.8,379,598
104,2019,6,Gràcia,32,el Camp d'en Grassot i Gràcia Nova,34911,65.1,38.5,537,906
105,2019,7,Horta-Guinardó,33,el Baix Guinardó,25823,56.2,23.7,459,1089
106,2019,7,Horta-Guinardó,34,Can Baró,9198,38.4,14.3,239,643
107,2019,7,Horta-Guinardó,35,el Guinardó,37047,130.9,52.0,283,712
108,2019,7,Horta-Guinardó,36,la Font d'en Fargues,9481,65.7,38.8,144,245
109,2019,7,Horta-Guinardó,37,el Carmel,32044,94.0,39.5,341,812
110,2019,7,Horta-Guinardó,38,la Teixonera,11735,33.8,16.9,348,696
111,2019,7,Horta-Guinardó,39,Sant Genís dels Agudells,7241,168.1,16.9,43,429
112,2019,7,Horta-Guinardó,40,Montbau,5109,205.5,11.4,25,450
113,2019,7,Horta-Guinardó,41,la Vall d'Hebron,5794,74.5,7.2,78,801
114,2019,7,Horta-Guinardó,42,la Clota,683,17.8,6.1,38,113
115,2019,7,Horta-Guinardó,43,Horta,27340,307.0,63.1,89,433
116,2019,8,Nou Barris,44,Vilapicina i la Torre Llobeta,25805,56.4,29.3,457,880
117,2019,8,Nou Barris,45,Porta,26446,83.7,35.7,316,740
118,2019,8,Nou Barris,46,el Turó de la Peira,15710,35.4,13.3,444,1181
119,2019,8,Nou Barris,47,Can Peguera,2288,11.9,6.1,193,372
120,2019,8,Nou Barris,48,la Guineueta,15361,61.2,22.0,251,697
121,2019,8,Nou Barris,49,Canyelles,6879,79.0,11.0,87,627
122,2019,8,Nou Barris,50,les Roquetes,16156,64.3,18.3,251,885
123,2019,8,Nou Barris,51,Verdun,12531,23.7,14.2,528,880
124,2019,8,Nou Barris,52,la Prosperitat,26785,59.1,27.1,453,989
125,2019,8,Nou Barris,53,la Trinitat Nova,7591,57.7,12.6,132,604
126,2019,8,Nou Barris,54,Torre Baró,2914,174.2,21.2,17,138
127,2019,8,Nou Barris,55,Ciutat Meridiana,10798,37.7,15.1,287,714
128,2019,8,Nou Barris,56,Vallbona,1405,60.8,6.8,23,207
129,2019,9,Sant Andreu,57,la Trinitat Vella,10285,80.8,12.7,127,810
130,2019,9,Sant Andreu,58,Baró de Viver,2597,23.0,3.9,113,660
131,2019,9,Sant Andreu,59,el Bon Pastor,13084,186.5,17.8,70,735
132,2019,9,Sant Andreu,60,Sant Andreu,57843,186.7,76.5,310,756
133,2019,9,Sant Andreu,61,la Sagrera,29353,98.6,38.1,298,770
134,2019,9,Sant Andreu,62,el Congrés i els Indians,14483,40.9,19.1,354,757
135,2019,9,Sant Andreu,63,Navas,22176,42.4,22.4,523,988
136,2019,10,Sant Martí,64,el Camp de l'Arpa del Clot,38663,74.1,42.9,522,901
137,2019,10,Sant Martí,65,el Clot,27041,69.7,23.4,388,1154
138,2019,10,Sant Martí,66,el Parc i la Llacuna del Poblenou,15461,112.2,22.3,138,693
139,2019,10,Sant Martí,67,la Vila Olímpica del Poblenou,9261,92.5,24.3,100,380
140,2019,10,Sant Martí,68,el Poblenou,33861,156.7,45.0,216,752
141,2019,10,Sant Martí,69,Diagonal Mar i el Front Marítim del Poblenou,13501,120.3,24.0,112,563
142,2019,10,Sant Martí,70,el Besòs i el Maresme,24673,118.5,28.1,208,878
143,2019,10,Sant Martí,71,Provençals del Poblenou,21002,108.6,15.3,193,1371
144,2019,10,Sant Martí,72,Sant Martí de Provençals,26061,73.4,23.4,355,1113
145,2019,10,Sant Martí,73,la Verneda i la Pau,28791,112.7,39.9,255,721
146,2018,1,Ciutat Vella,1,el Raval,46948,110.0,49.6,427,946
147,2018,1,Ciutat Vella,2,el Barri Gòtic,16731,81.6,34.0,205,492
148,2018,1,Ciutat Vella,3,la Barceloneta,14739,108.5,13.5,136,1088
149,2018,1,Ciutat Vella,4,"Sant Pere, Santa Caterina i la Ribera",22296,111.0,32.5,201,686
150,2018,2,Eixample,5,el Fort Pienc,31922,92.9,33.5,343,953
151,2018,2,Eixample,6,la Sagrada Família,51335,104.2,51.2,493,1002
152,2018,2,Eixample,7,la Dreta de l'Eixample,43449,212.0,113.9,205,382
153,2018,2,Eixample,8,l'Antiga Esquerra de l'Eixample,42189,122.8,66.9,343,630
154,2018,2,Eixample,9,la Nova Esquerra de l'Eixample,57889,134.0,65.2,432,889
155,2018,2,Eixample,10,Sant Antoni,38090,80.5,41.2,473,924
156,2018,3,Sants-Montjuïc,11,el Poble Sec,39520,458.5,37.8,86,1045
157,2018,3,Sants-Montjuïc,12,la Marina del Prat Vermell,1158,1403.4,35.9,1,32
158,2018,3,Sants-Montjuïc,13,la Marina de Port,30660,126.9,39.0,242,787
159,2018,3,Sants-Montjuïc,14,la Font de la Guatlla,10242,29.7,11.4,345,898
160,2018,3,Sants-Montjuïc,15,Hostafrancs,15885,41.0,22.1,388,718
161,2018,3,Sants-Montjuïc,16,la Bordeta,18755,57.2,20.7,328,905
162,2018,3,Sants-Montjuïc,17,Sants - Badal,23921,41.5,25.1,577,954
163,2018,3,Sants-Montjuïc,18,Sants,41162,109.5,59.4,376,693
164,2018,4,Les Corts,19,les Corts,45939,141.0,64.7,326,710
165,2018,4,Les Corts,20,la Maternitat i Sant Ramon,23856,191.5,31.8,125,749
166,2018,4,Les Corts,21,Pedralbes,11960,269.1,81.7,44,146
167,2018,5,Sarrià-Sant Gervasi,22,"Vallvidrera, el Tibidabo i les Planes",4698,1132.9,242.4,4,19
168,2018,5,Sarrià-Sant Gervasi,23,Sarrià,24975,304.1,95.9,82,260
169,2018,5,Sarrià-Sant Gervasi,24,les Tres Torres,16656,78.8,42.5,211,392
170,2018,5,Sarrià-Sant Gervasi,25,Sant Gervasi - la Bonanova,25695,223.4,82.1,115,313
171,2018,5,Sarrià-Sant Gervasi,26,Sant Gervasi - Galvany,47594,166.9,95.4,285,499
172,2018,5,Sarrià-Sant Gervasi,27,el Putxet i el Farró,29494,84.8,53.1,348,555
173,2018,6,Gràcia,28,Vallcarca i els Penitents,15887,121.4,47.2,131,337
174,2018,6,Gràcia,29,el Coll,7427,35.3,12.4,210,597
175,2018,6,Gràcia,30,la Salut,13212,64.8,19.5,204,679
176,2018,6,Gràcia,31,la Vila de Gràcia,50008,132.1,83.7,379,598
177,2018,6,Gràcia,32,el Camp d'en Grassot i Gràcia Nova,34471,65.1,38.6,530,894
178,2018,7,Horta-Guinardó,33,el Baix Guinardó,25685,56.2,23.7,457,1083
179,2018,7,Horta-Guinardó,34,Can Baró,9045,38.4,14.3,235,632
180,2018,7,Horta-Guinardó,35,el Guinardó,36757,130.9,52.0,281,706
181,2018,7,Horta-Guinardó,36,la Font d'en Fargues,9430,65.7,38.8,143,243
182,2018,7,Horta-Guinardó,37,el Carmel,31737,94.0,39.5,338,804
183,2018,7,Horta-Guinardó,38,la Teixonera,11604,33.8,16.9,344,688
184,2018,7,Horta-Guinardó,39,Sant Genís dels Agudells,7020,171.8,18.1,41,388
185,2018,7,Horta-Guinardó,40,Montbau,5081,205.5,11.4,25,447
186,2018,7,Horta-Guinardó,41,la Vall d'Hebron,5732,74.5,7.2,77,792
187,2018,7,Horta-Guinardó,42,la Clota,650,17.8,6.1,36,107
188,2018,7,Horta-Guinardó,43,Horta,26779,307.1,63.2,87,423
189,2018,8,Nou Barris,44,Vilapicina i la Torre Llobeta,25609,56.4,29.3,454,873
190,2018,8,Nou Barris,45,Porta,25467,83.7,35.7,304,713
191,2018,8,Nou Barris,46,el Turó de la Peira,15542,35.4,13.3,439,1168
192,2018,8,Nou Barris,47,Can Peguera,2268,11.9,6.1,191,369
193,2018,8,Nou Barris,48,la Guineueta,15271,61.2,22.0,250,693
194,2018,8,Nou Barris,49,Canyelles,6879,79.0,11.0,87,627
195,2018,8,Nou Barris,50,les Roquetes,15711,64.3,18.3,244,861
196,2018,8,Nou Barris,51,Verdun,12410,23.7,14.2,523,871
197,2018,8,Nou Barris,52,la Prosperitat,26505,59.1,27.2,448,976
198,2018,8,Nou Barris,53,la Trinitat Nova,7346,57.7,12.6,127,585
199,2018,8,Nou Barris,54,Torre Baró,2880,174.2,21.2,17,136
200,2018,8,Nou Barris,55,Ciutat Meridiana,10579,37.7,15.1,281,699
201,2018,8,Nou Barris,56,Vallbona,1401,60.8,6.8,23,206
202,2018,9,Sant Andreu,57,la Trinitat Vella,10011,81.0,12.8,124,784
203,2018,9,Sant Andreu,58,Baró de Viver,2532,23.0,3.9,110,644
204,2018,9,Sant Andreu,59,el Bon Pastor,12700,186.8,17.8,68,713
205,2018,9,Sant Andreu,60,Sant Andreu,57551,186.5,76.5,309,752
206,2018,9,Sant Andreu,61,la Sagrera,29205,98.6,38.1,296,766
207,2018,9,Sant Andreu,62,el Congrés i els Indians,14160,40.9,19.1,346,740
208,2018,9,Sant Andreu,63,Navas,22073,42.4,22.4,521,984
209,2018,10,Sant Martí,64,el Camp de l'Arpa del Clot,38176,74.1,42.9,515,890
210,2018,10,Sant Martí,65,el Clot,26965,69.7,23.4,387,1150
211,2018,10,Sant Martí,66,el Parc i la Llacuna del Poblenou,15254,112.2,22.2,136,687
212,2018,10,Sant Martí,67,la Vila Olímpica del Poblenou,9265,92.5,24.3,100,381
213,2018,10,Sant Martí,68,el Poblenou,33844,156.7,45.0,216,752
214,2018,10,Sant Martí,69,Diagonal Mar i el Front Marítim del Poblenou,13574,120.3,24.0,113,566
215,2018,10,Sant Martí,70,el Besòs i el Maresme,23582,118.6,28.1,199,839
216,2018,10,Sant Martí,71,Provençals del Poblenou,20534,108.6,15.7,189,1308
217,2018,10,Sant Martí,72,Sant Martí de Provençals,26015,73.4,23.4,354,1111
218,2018,10,Sant Martí,73,la Verneda i la Pau,28751,112.7,39.9,255,720
219,2017,1,Ciutat Vella,1,el Raval,47608,109.8,49.7,433,959
220,2017,1,Ciutat Vella,2,el Barri Gòtic,16062,84.2,34.1,191,471
221,2017,1,Ciutat Vella,3,la Barceloneta,14996,131.4,13.5,114,1107
222,2017,1,Ciutat Vella,4,"Sant Pere, Santa Caterina i la Ribera",22721,111.4,32.5,204,700
223,2017,2,Eixample,5,el Fort Pienc,32016,92.9,33.4,345,959
224,2017,2,Eixample,6,la Sagrada Família,51539,105.1,51.2,490,1006
225,2017,2,Eixample,7,la Dreta de l'Eixample,44052,212.3,113.9,207,387
226,2017,2,Eixample,8,l'Antiga Esquerra de l'Eixample,42284,123.4,67.0,343,631
227,2017,2,Eixample,9,la Nova Esquerra de l'Eixample,58180,133.8,65.3,435,891
228,2017,2,Eixample,10,Sant Antoni,38345,80.1,41.3,479,928
229,2017,3,Sants-Montjuïc,11,el Poble Sec,40228,460.5,38.6,87,1043
230,2017,3,Sants-Montjuïc,12,la Marina del Prat Vermell,1149,1428.4,35.9,1,32
231,2017,3,Sants-Montjuïc,13,la Marina de Port,30584,125.5,39.4,244,777
232,2017,3,Sants-Montjuïc,14,la Font de la Guatlla,10401,30.2,11.4,344,912
233,2017,3,Sants-Montjuïc,15,Hostafrancs,15904,41.0,22.4,388,710
234,2017,3,Sants-Montjuïc,16,la Bordeta,18530,57.7,20.8,321,891
235,2017,3,Sants-Montjuïc,17,Sants - Badal,23987,41.1,25.1,584,955
236,2017,3,Sants-Montjuïc,18,Sants,41127,109.8,55.6,375,740
237,2017,4,Les Corts,19,les Corts,46009,141.3,65.3,326,705
238,2017,4,Les Corts,20,la Maternitat i Sant Ramon,23948,190.3,32.6,126,734
239,2017,4,Les Corts,21,Pedralbes,12076,270.2,82.3,45,147
240,2017,5,Sarrià-Sant Gervasi,22,"Vallvidrera, el Tibidabo i les Planes",4670,1152.2,89.5,4,52
241,2017,5,Sarrià-Sant Gervasi,23,Sarrià,25032,304.2,96.2,82,260
242,2017,5,Sarrià-Sant Gervasi,24,les Tres Torres,16667,78.8,42.6,211,391
243,2017,5,Sarrià-Sant Gervasi,25,Sant Gervasi - la Bonanova,25774,223.5,82.1,115,314
244,2017,5,Sarrià-Sant Gervasi,26,Sant Gervasi - Galvany,47666,165.9,95.5,287,499
245,2017,5,Sarrià-Sant Gervasi,27,el Putxet i el Farró,29470,84.6,53.1,348,555
246,2017,6,Gràcia,28,Vallcarca i els Penitents,15759,120.9,47.0,130,335
247,2017,6,Gràcia,29,el Coll,7412,35.8,12.4,207,598
248,2017,6,Gràcia,30,la Salut,13185,64.3,19.4,205,680
249,2017,6,Gràcia,31,la Vila de Gràcia,50662,132.6,83.5,382,607
250,2017,6,Gràcia,32,el Camp d'en Grassot i Gràcia Nova,34329,65.0,38.5,529,891
251,2017,7,Horta-Guinardó,33,el Baix Guinardó,25672,56.0,23.7,459,1082
252,2017,7,Horta-Guinardó,34,Can Baró,8994,38.4,14.3,234,627
253,2017,7,Horta-Guinardó,35,el Guinardó,36467,130.8,52.1,279,699
254,2017,7,Horta-Guinardó,36,la Font d'en Fargues,9383,65.7,39.4,143,238
255,2017,7,Horta-Guinardó,37,el Carmel,31551,94.2,39.4,335,802
256,2017,7,Horta-Guinardó,38,la Teixonera,11619,33.7,18.4,345,630
257,2017,7,Horta-Guinardó,39,Sant Genís dels Agudells,6854,171.6,18.1,40,379
258,2017,7,Horta-Guinardó,40,Montbau,5102,204.7,11.4,25,448
259,2017,7,Horta-Guinardó,41,la Vall d'Hebron,5784,73.6,8.0,79,724
260,2017,7,Horta-Guinardó,42,la Clota,610,17.8,6.1,34,100
261,2017,7,Horta-Guinardó,43,Horta,26715,308.2,63.4,87,422
262,2017,8,Nou Barris,44,Vilapicina i la Torre Llobeta,25591,56.7,29.4,451,870
263,2017,8,Nou Barris,45,Porta,25000,84.1,35.2,297,710
264,2017,8,Nou Barris,46,el Turó de la Peira,15467,35.4,13.4,437,1152
265,2017,8,Nou Barris,47,Can Peguera,2271,12.0,6.1,190,375
266,2017,8,Nou Barris,48,la Guineueta,15231,61.1,22.0,249,691
267,2017,8,Nou Barris,49,Canyelles,6856,79.3,11.1,87,618
268,2017,8,Nou Barris,50,les Roquetes,15590,64.2,18.2,243,856
269,2017,8,Nou Barris,51,Verdun,12353,23.7,14.3,520,867
270,2017,8,Nou Barris,52,la Prosperitat,26389,59.5,27.3,444,965
271,2017,8,Nou Barris,53,la Trinitat Nova,7261,56.0,12.6,130,578
272,2017,8,Nou Barris,54,Torre Baró,2856,176.8,21.2,16,135
273,2017,8,Nou Barris,55,Ciutat Meridiana,10342,35.5,15.1,291,683
274,2017,8,Nou Barris,56,Vallbona,1372,59.8,6.8,23,203
275,2017,9,Sant Andreu,57,la Trinitat Vella,9983,81.0,12.7,123,786
276,2017,9,Sant Andreu,58,Baró de Viver,2539,23.0,3.9,110,649
277,2017,9,Sant Andreu,59,el Bon Pastor,12560,188.2,17.9,67,702
278,2017,9,Sant Andreu,60,Sant Andreu,57183,184.1,76.6,311,746
279,2017,9,Sant Andreu,61,la Sagrera,29084,97.2,39.5,299,736
280,2017,9,Sant Andreu,62,el Congrés i els Indians,14116,40.7,19.1,347,737
281,2017,9,Sant Andreu,63,Navas,22129,42.3,22.5,523,984
282,2017,10,Sant Martí,64,el Camp de l'Arpa del Clot,38168,74.2,43.0,515,888
283,2017,10,Sant Martí,65,el Clot,27039,69.6,23.6,389,1145
284,2017,10,Sant Martí,66,el Parc i la Llacuna del Poblenou,15134,111.4,20.0,136,758
285,2017,10,Sant Martí,67,la Vila Olímpica del Poblenou,9367,94.3,24.2,99,387
286,2017,10,Sant Martí,68,el Poblenou,33843,154.5,42.6,219,795
287,2017,10,Sant Martí,69,Diagonal Mar i el Front Marítim del Poblenou,13629,123.7,23.0,110,592
288,2017,10,Sant Martí,70,el Besòs i el Maresme,23009,127.4,26.0,181,885
289,2017,10,Sant Martí,71,Provençals del Poblenou,20487,110.5,13.8,185,1490
290,2017,10,Sant Martí,72,Sant Martí de Provençals,26146,74.5,23.4,351,1116
291,2017,10,Sant Martí,73,la Verneda i la Pau,28691,112.3,40.1,256,716
292,2016,1,Ciutat Vella,1,el Raval,47129,109.8,,437,948
293,2016,1,Ciutat Vella,2,el Barri Gòtic,15614,84.2,,265,457
294,2016,1,Ciutat Vella,3,la Barceloneta,15021,131.4,,128,1113
295,2016,1,Ciutat Vella,4,"Sant Pere, Santa Caterina i la Ribera",22306,111.4,,209,689
296,2016,2,Eixample,5,el Fort Pienc,31653,92.9,,360,948
297,2016,2,Eixample,6,la Sagrada Família,51322,105.1,,501,1002
298,2016,2,Eixample,7,la Dreta de l'Eixample,43644,212.3,,209,383
299,2016,2,Eixample,8,l'Antiga Esquerra de l'Eixample,41854,123.4,,350,625
300,2016,2,Eixample,9,la Nova Esquerra de l'Eixample,57648,133.8,,437,883
301,2016,2,Eixample,10,Sant Antoni,38184,80.1,,484,924
302,2016,3,Sants-Montjuïc,11,el Poble Sec,40055,460.5,,88,1039
303,2016,3,Sants-Montjuïc,12,la Marina del Prat Vermell,1143,1428.4,,1,32
304,2016,3,Sants-Montjuïc,13,la Marina de Port,30385,125.5,,247,774
305,2016,3,Sants-Montjuïc,14,la Font de la Guatlla,10302,30.2,,349,903
306,2016,3,Sants-Montjuïc,15,Hostafrancs,15889,41.0,,395,710
307,2016,3,Sants-Montjuïc,16,la Bordeta,18512,57.7,,342,897
308,2016,3,Sants-Montjuïc,17,Sants - Badal,23906,41.1,,601,951
309,2016,3,Sants-Montjuïc,18,Sants,40785,109.8,,399,734
310,2016,4,Les Corts,19,les Corts,45932,141.3,,331,704
311,2016,4,Les Corts,20,la Maternitat i Sant Ramon,23848,190.3,,125,731
312,2016,4,Les Corts,21,Pedralbes,11862,270.2,,44,144
313,2016,5,Sarrià-Sant Gervasi,22,"Vallvidrera, el Tibidabo i les Planes",4632,1152.2,,4,52
314,2016,5,Sarrià-Sant Gervasi,23,Sarrià,24799,304.2,,83,258
315,2016,5,Sarrià-Sant Gervasi,24,les Tres Torres,16473,78.8,,211,387
316,2016,5,Sarrià-Sant Gervasi,25,Sant Gervasi - la Bonanova,25665,223.5,,117,313
317,2016,5,Sarrià-Sant Gervasi,26,Sant Gervasi - Galvany,47089,165.9,,287,493
318,2016,5,Sarrià-Sant Gervasi,27,el Putxet i el Farró,29368,84.6,,357,552
319,2016,6,Gràcia,28,Vallcarca i els Penitents,15591,120.9,,130,333
320,2016,6,Gràcia,29,el Coll,7391,35.8,,215,596
321,2016,6,Gràcia,30,la Salut,13118,64.3,,208,684
322,2016,6,Gràcia,31,la Vila de Gràcia,50584,132.6,,385,606
323,2016,6,Gràcia,32,el Camp d'en Grassot i Gràcia Nova,34234,65.0,,545,888
324,2016,7,Horta-Guinardó,33,el Baix Guinardó,25547,56.0,,465,1077
325,2016,7,Horta-Guinardó,34,Can Baró,8965,38.4,,243,625
326,2016,7,Horta-Guinardó,35,el Guinardó,36136,130.8,,287,693
327,2016,7,Horta-Guinardó,36,la Font d'en Fargues,9400,65.7,,145,238
328,2016,7,Horta-Guinardó,37,el Carmel,31355,94.2,,346,795
329,2016,7,Horta-Guinardó,38,la Teixonera,11277,33.7,,353,599
330,2016,7,Horta-Guinardó,39,Sant Genís dels Agudells,6725,171.6,,44,372
331,2016,7,Horta-Guinardó,40,Montbau,5053,204.7,,25,441
332,2016,7,Horta-Guinardó,41,la Vall d'Hebron,5686,73.6,,79,732
333,2016,7,Horta-Guinardó,42,la Clota,583,17.8,,40,95
334,2016,7,Horta-Guinardó,43,Horta,26541,308.2,,92,419
335,2016,8,Nou Barris,44,Vilapicina i la Torre Llobeta,25508,56.7,,462,880
336,2016,8,Nou Barris,45,Porta,24519,84.1,,332,697
337,2016,8,Nou Barris,46,el Turó de la Peira,15364,35.4,,458,1144
338,2016,8,Nou Barris,47,Can Peguera,2258,12.0,,192,373
339,2016,8,Nou Barris,48,la Guineueta,15043,61.1,,252,674
340,2016,8,Nou Barris,49,Canyelles,6923,79.3,,87,622
341,2016,8,Nou Barris,50,les Roquetes,15398,64.2,,255,846
342,2016,8,Nou Barris,51,Verdun,12260,23.7,,539,859
343,2016,8,Nou Barris,52,la Prosperitat,26167,59.5,,457,957
344,2016,8,Nou Barris,53,la Trinitat Nova,7257,56.0,,133,577
345,2016,8,Nou Barris,54,Torre Baró,2791,176.8,,17,132
346,2016,8,Nou Barris,55,Ciutat Meridiana,10041,35.5,,294,663
347,2016,8,Nou Barris,56,Vallbona,1352,59.8,,23,199
348,2016,9,Sant Andreu,57,la Trinitat Vella,10032,81.0,,130,790
349,2016,9,Sant Andreu,58,Baró de Viver,2507,23.0,,114,641
350,2016,9,Sant Andreu,59,el Bon Pastor,12589,188.2,,73,704
351,2016,9,Sant Andreu,60,Sant Andreu,56683,184.1,,313,738
352,2016,9,Sant Andreu,61,la Sagrera,28796,97.2,,300,728
353,2016,9,Sant Andreu,62,el Congrés i els Indians,14044,40.7,,360,730
354,2016,9,Sant Andreu,63,Navas,22080,42.3,,529,981
355,2016,10,Sant Martí,64,el Camp de l'Arpa del Clot,38104,74.2,,528,887
356,2016,10,Sant Martí,65,el Clot,26898,69.6,,388,1139
357,2016,10,Sant Martí,66,el Parc i la Llacuna del Poblenou,14838,111.4,,142,745
358,2016,10,Sant Martí,67,la Vila Olímpica del Poblenou,9335,94.3,,101,386
359,2016,10,Sant Martí,68,el Poblenou,33586,154.5,,219,789
360,2016,10,Sant Martí,69,Diagonal Mar i el Front Marítim del Poblenou,13397,123.7,,110,582
361,2016,10,Sant Martí,70,el Besòs i el Maresme,22746,127.4,,212,888
362,2016,10,Sant Martí,71,Provençals del Poblenou,20369,110.5,,196,1511
363,2016,10,Sant Martí,72,Sant Martí de Provençals,26010,74.5,,356,1149
364,2016,10,Sant Martí,73,la Verneda i la Pau,28645,112.3,,255,714
365,2015,1,Ciutat Vella,1,el Raval,47142,109.8,,437,949
366,2015,1,Ciutat Vella,2,el Barri Gòtic,15484,84.2,,265,454
367,2015,1,Ciutat Vella,3,la Barceloneta,15032,131.4,,128,1149
368,2015,1,Ciutat Vella,4,"Sant Pere, Santa Caterina i la Ribera",22457,111.4,,209,695
369,2015,2,Eixample,5,el Fort Pienc,31543,92.9,,360,944
370,2015,2,Eixample,6,la Sagrada Família,51097,105.1,,501,995
371,2015,2,Eixample,7,la Dreta de l'Eixample,43556,212.3,,209,382
372,2015,2,Eixample,8,l'Antiga Esquerra de l'Eixample,41664,123.4,,350,622
373,2015,2,Eixample,9,la Nova Esquerra de l'Eixample,57665,133.8,,437,876
374,2015,2,Eixample,10,Sant Antoni,38033,80.1,,484,917
375,2015,3,Sants-Montjuïc,11,el Poble Sec,40208,460.5,,88,1016
376,2015,3,Sants-Montjuïc,12,la Marina del Prat Vermell,1125,1428.4,,1,31
377,2015,3,Sants-Montjuïc,13,la Marina de Port,30232,125.5,,247,773
378,2015,3,Sants-Montjuïc,14,la Font de la Guatlla,10366,30.2,,349,909
379,2015,3,Sants-Montjuïc,15,Hostafrancs,15747,41.0,,395,703
380,2015,3,Sants-Montjuïc,16,la Bordeta,18378,57.7,,342,890
381,2015,3,Sants-Montjuïc,17,Sants - Badal,24014,41.1,,601,956
382,2015,3,Sants-Montjuïc,18,Sants,40687,109.8,,399,732
383,2015,4,Les Corts,19,les Corts,46000,141.3,,331,705
384,2015,4,Les Corts,20,la Maternitat i Sant Ramon,23817,190.3,,125,729
385,2015,4,Les Corts,21,Pedralbes,11713,270.2,,44,143
386,2015,5,Sarrià-Sant Gervasi,22,"Vallvidrera, el Tibidabo i les Planes",4602,1152.4,,4,51
387,2015,5,Sarrià-Sant Gervasi,23,Sarrià,24641,304.2,,83,261
388,2015,5,Sarrià-Sant Gervasi,24,les Tres Torres,16498,78.8,,211,388
389,2015,5,Sarrià-Sant Gervasi,25,Sant Gervasi - la Bonanova,25246,223.5,,117,308
390,2015,5,Sarrià-Sant Gervasi,26,Sant Gervasi - Galvany,46708,165.9,,287,489
391,2015,5,Sarrià-Sant Gervasi,27,el Putxet i el Farró,29139,84.6,,357,547
392,2015,6,Gràcia,28,Vallcarca i els Penitents,15492,120.9,,130,331
393,2015,6,Gràcia,29,el Coll,7349,35.8,,215,593
394,2015,6,Gràcia,30,la Salut,13227,64.3,,208,689
395,2015,6,Gràcia,31,la Vila de Gràcia,50415,132.6,,385,604
396,2015,6,Gràcia,32,el Camp d'en Grassot i Gràcia Nova,33918,65.0,,545,880
397,2015,7,Horta-Guinardó,33,el Baix Guinardó,25466,56.0,,465,1073
398,2015,7,Horta-Guinardó,34,Can Baró,8819,38.4,,243,615
399,2015,7,Horta-Guinardó,35,el Guinardó,35773,130.8,,287,684
400,2015,7,Horta-Guinardó,36,la Font d'en Fargues,9407,65.7,,145,238
401,2015,7,Horta-Guinardó,37,el Carmel,31456,94.2,,346,798
402,2015,7,Horta-Guinardó,38,la Teixonera,11361,33.7,,353,603
403,2015,7,Horta-Guinardó,39,Sant Genís dels Agudells,6754,171.6,,44,373
404,2015,7,Horta-Guinardó,40,Montbau,5046,204.7,,25,432
405,2015,7,Horta-Guinardó,41,la Vall d'Hebron,5468,73.6,,79,671
406,2015,7,Horta-Guinardó,42,la Clota,542,17.8,,40,89
407,2015,7,Horta-Guinardó,43,Horta,26467,308.2,,92,418
408,2015,8,Nou Barris,44,Vilapicina i la Torre Llobeta,25451,56.7,,462,878
409,2015,8,Nou Barris,45,Porta,24240,84.1,,332,689
410,2015,8,Nou Barris,46,el Turó de la Peira,15389,35.4,,458,1151
411,2015,8,Nou Barris,47,Can Peguera,2275,12.0,,192,274
412,2015,8,Nou Barris,48,la Guineueta,15099,61.1,,252,675
413,2015,8,Nou Barris,49,Canyelles,6953,79.3,,87,622
414,2015,8,Nou Barris,50,les Roquetes,15398,64.2,,255,846
415,2015,8,Nou Barris,51,Verdun,12225,23.7,,539,857
416,2015,8,Nou Barris,52,la Prosperitat,25979,59.5,,457,949
417,2015,8,Nou Barris,53,la Trinitat Nova,7332,56.0,,133,583
418,2015,8,Nou Barris,54,Torre Baró,2727,176.8,,17,126
419,2015,8,Nou Barris,55,Ciutat Meridiana,10245,35.5,,294,676
420,2015,8,Nou Barris,56,Vallbona,1335,59.8,,23,198
421,2015,9,Sant Andreu,57,la Trinitat Vella,10059,81.0,,130,792
422,2015,9,Sant Andreu,58,Baró de Viver,2482,23.0,,114,634
423,2015,9,Sant Andreu,59,el Bon Pastor,12554,188.2,,73,702
424,2015,9,Sant Andreu,60,Sant Andreu,56503,184.1,,313,736
425,2015,9,Sant Andreu,61,la Sagrera,28887,97.2,,300,730
426,2015,9,Sant Andreu,62,el Congrés i els Indians,14043,40.7,,360,733
427,2015,9,Sant Andreu,63,Navas,21966,42.3,,529,976
428,2015,10,Sant Martí,64,el Camp de l'Arpa del Clot,38178,74.2,,528,889
429,2015,10,Sant Martí,65,el Clot,26933,69.6,,388,1141
430,2015,10,Sant Martí,66,el Parc i la Llacuna del Poblenou,14708,111.4,,142,745
431,2015,10,Sant Martí,67,la Vila Olímpica del Poblenou,9326,94.3,,101,386
432,2015,10,Sant Martí,68,el Poblenou,33437,154.5,,219,786
433,2015,10,Sant Martí,69,Diagonal Mar i el Front Marítim del Poblenou,13369,123.7,,110,581
434,2015,10,Sant Martí,70,el Besòs i el Maresme,22834,127.4,,212,891
435,2015,10,Sant Martí,71,Provençals del Poblenou,20161,110.5,,196,1496
436,2015,10,Sant Martí,72,Sant Martí de Provençals,25975,74.5,,356,1147
437,2015,10,Sant Martí,73,la Verneda i la Pau,28738,112.3,,255,717
